ID,NUMBER,CONCEPTICON_ID,CONCEPTICON_GLOSS,ENGLISH,DIACL_ID,DIACL_CATEGORY,DIACL_NOTE
Carling-2017-104a-1,1,98,ALL,all (of a number),1001,,
Carling-2017-104a-2,2,646,ASH,ash(es),1002,,
Carling-2017-104a-3,3,1204,BARK,bark (of tree),1003,,
Carling-2017-104a-4,4,2114,BELLY OR STOMACH,"belly (abdomen, stomach)",1004,,
Carling-2017-104a-5,5,1202,BIG,big,1005,,
Carling-2017-104a-6,6,937,BIRD,bird,1006,,
Carling-2017-104a-7,7,1403,BITE,to bite,1007,,
Carling-2017-104a-8,8,163,BLACK,black (colour),1008,,
Carling-2017-104a-9,9,946,BLOOD,blood (n),1009,,
Carling-2017-104a-10,10,1394,BONE,bone,1010,,
Carling-2017-104a-11,11,1402,BREAST,breast,1011,,
Carling-2017-104a-12,12,1428,BURNING,to burn (intr.),1012,,
Carling-2017-104a-13,13,1258,FINGERNAIL,fingernail,1013,,
Carling-2017-104a-14,14,1489,CLOUD,cloud (not fog),1014,,
Carling-2017-104a-15,15,2483,COLD (OF WEATHER),cold (of weather),1015,,
Carling-2017-104a-16,16,1446,COME,to come,1016,,
Carling-2017-104a-17,17,1494,DIE,to die,1017,,
Carling-2017-104a-18,18,2009,DOG,dog,1018,,
Carling-2017-104a-19,19,1401,DRINK,to drink,1019,,
Carling-2017-104a-20,20,1398,DRY,dry (adj),1020,,
Carling-2017-104a-21,21,1247,EAR,ear,1021,,
Carling-2017-104a-22,22,1228,EARTH (SOIL),"earth (soil, ground)",1022,,
Carling-2017-104a-23,23,1336,EAT,to eat,1023,,
Carling-2017-104a-24,24,744,EGG,egg,1024,,
Carling-2017-104a-25,25,1248,EYE,eye,1025,,
Carling-2017-104a-26,26,323,FAT (ORGANIC SUBSTANCE),fat (organic substance),1026,,
Carling-2017-104a-27,27,1201,FEATHER,feather (not down),1027,,
Carling-2017-104a-28,28,221,FIRE,fire,1028,,
Carling-2017-104a-29,29,227,FISH,fish (n),1029,,
Carling-2017-104a-30,30,1441,FLY (MOVE THROUGH AIR),to fly,1030,,
Carling-2017-104a-31,31,1301,FOOT,foot (not leg),1031,,
Carling-2017-104a-32,32,1429,FULL,full,1032,,
Carling-2017-104a-33,33,1447,GIVE,to give,1033,,
Carling-2017-104a-34,34,1035,GOOD,good,1034,,
Carling-2017-104a-35,35,1425,GREEN,green (colour),1035,,
Carling-2017-104a-36,36,2648,HAIR (HEAD),hair (of head),1036,,
Carling-2017-104a-37,37,1277,HAND,hand (not arm),1037,,
Carling-2017-104a-38,38,1256,HEAD,head (anatomic),1038,,
Carling-2017-104a-39,39,1408,HEAR,to hear,1039,,
Carling-2017-104a-40,40,1223,HEART,heart (organ),1040,,
Carling-2017-104a-41,41,1393,HORN (ANATOMY),horn,1041,,
Carling-2017-104a-42,42,1209,I,I (1sg),1042,,
Carling-2017-104a-43,43,1417,KILL,to kill,1043,,
Carling-2017-104a-44,44,1371,KNEE,knee,1044,,
Carling-2017-104a-45,45,1410,KNOW (SOMETHING),to know,1045,,
Carling-2017-104a-46,46,628,LEAF,leaf (botanics),1046,,
Carling-2017-104a-47,47,1411,LIE (REST),to lie (recline),1047,,
Carling-2017-104a-48,48,1224,LIVER,liver,1048,,
Carling-2017-104a-49,49,1203,LONG,long (adj),1049,,
Carling-2017-104a-50,50,1392,LOUSE,louse (lice),1050,,
Carling-2017-104a-51,51,1554,MAN,man (adult male human),1051,,
Carling-2017-104a-52,52,1198,MANY,many,1052,,
Carling-2017-104a-53,53,2615,FLESH OR MEAT,meat/flesh,1053,,
Carling-2017-104a-54,54,1313,MOON,moon,1054,,
Carling-2017-104a-55,55,639,MOUNTAIN,mountain,1055,,
Carling-2017-104a-56,56,674,MOUTH,mouth,1056,,
Carling-2017-104a-57,57,1405,NAME,name,1057,,
Carling-2017-104a-58,58,1333,NECK,neck,1058,,
Carling-2017-104a-59,59,1231,NEW,new,1059,,
Carling-2017-104a-60,60,1233,NIGHT,night,1060,,
Carling-2017-104a-61,61,1221,NOSE,nose,1061,,
Carling-2017-104a-62,62,1240,NOT,not,1062,,
Carling-2017-104a-63,63,1493,ONE,one,1063,,
Carling-2017-104a-64,64,683,PERSON,person (individual human),1064,,
Carling-2017-104a-65,65,658,RAIN (PRECIPITATION),rain (n),1065,,
Carling-2017-104a-66,66,156,RED,red (colour),1066,,
Carling-2017-104a-67,67,2457,PATH OR ROAD,road/path,1067,,
Carling-2017-104a-68,68,670,ROOT,root (botanics),1068,,
Carling-2017-104a-69,69,1395,ROUND,round,1069,,
Carling-2017-104a-70,70,671,SAND,sand,1070,,
Carling-2017-104a-71,71,1458,SAY,to say,1071,,
Carling-2017-104a-72,72,1409,SEE,to see,1072,,
Carling-2017-104a-73,73,714,SEED,seed (n),1073,,
Carling-2017-104a-74,74,1416,SIT,to sit,1074,,
Carling-2017-104a-75,75,2613,SKIN (HUMAN),skin (person's),1075,,
Carling-2017-104a-76,76,1585,SLEEP,to sleep,1076,,
Carling-2017-104a-77,77,1246,SMALL,small,1077,,
Carling-2017-104a-78,78,778,SMOKE (EXHAUST),smoke (n),1078,,
Carling-2017-104a-79,79,1442,STAND,to stand,1079,,
Carling-2017-104a-80,80,1430,STAR,star,1080,,
Carling-2017-104a-81,81,857,STONE,stone,1081,,
Carling-2017-104a-82,82,1343,SUN,sun,1082,,
Carling-2017-104a-83,83,1439,SWIM,to swim,1083,,
Carling-2017-104a-84,84,1220,TAIL,tail,1084,,
Carling-2017-104a-85,85,78,THAT,"that (deixis, distal)",1085,,
Carling-2017-104a-86,86,1214,THIS,"this (deixis, proximal)",1086,,
Carling-2017-104a-87,87,1215,THOU,thou (2sg),1087,,
Carling-2017-104a-88,88,1205,TONGUE,tongue (anatomical),1088,,
Carling-2017-104a-89,89,1380,TOOTH,tooth (general),1089,,
Carling-2017-104a-90,90,906,TREE,tree,1090,,
Carling-2017-104a-91,91,1498,TWO,two,1091,,
Carling-2017-104a-92,92,1443,WALK,to walk,1092,,
Carling-2017-104a-93,93,2110,WARM (OF WEATHER),warm (of weather),1093,,
Carling-2017-104a-94,94,948,WATER,water (n),1094,,
Carling-2017-104a-95,95,1212,WE,we (1pl),1095,,
Carling-2017-104a-96,96,1236,WHAT,what?,1096,,
Carling-2017-104a-97,97,1335,WHITE,white (colour),1097,,
Carling-2017-104a-98,98,1235,WHO,who?,1098,,
Carling-2017-104a-99,99,962,WOMAN,woman,1099,,
Carling-2017-104a-100,100,1424,YELLOW,yellow (colour),1100,,
Carling-2017-104a-101,101,2099,CHILD,child,1101,,
Carling-2017-104a-102,102,1131,WE (INCLUSIVE),we (1pl incl.),1103,,
Carling-2017-104a-103,103,1213,YOU,you (2pl),1104,,
Carling-2017-104a-104,104,1130,WE (EXCLUSIVE),we (1pl excl.),12370,,
Carling-2017-10h-1,1,163,BLACK,colour term black,12141,Colour terms,
Carling-2017-10h-2,2,1335,WHITE,colour term white,12142,Colour terms,
Carling-2017-10h-3,3,156,RED,colour term red,12143,Colour terms,
Carling-2017-10h-4,4,837,BLUE,colour term blue,12144,Colour terms,
Carling-2017-10h-5,5,1425,GREEN,colour term green,12145,Colour terms,
Carling-2017-10h-6,6,1424,YELLOW,colour term yellow,12146,Colour terms,
Carling-2017-10h-7,7,2409,BROWN,colour term brown,12147,Colour terms,
Carling-2017-10h-8,8,,*ORANGE (COLOR),colour term orange,12148,Colour terms,
Carling-2017-10h-9,9,2452,PURPLE,colour term purple,12149,Colour terms,
Carling-2017-10h-10,10,153,GREY,colour term grey,12150,Colour terms,
Carling-2017-112e-1,1,1337,PIG,pig,5001,Farm animals,
Carling-2017-112e-2,2,265,FOWL,chicken / fowl,5002,Farm animals,
Carling-2017-112e-3,3,2009,DOG,dog,5003,Farm animals,
Carling-2017-112e-4,4,1208,CAT,cat,5004,Farm animals,
Carling-2017-112e-5,5,1502,GOAT,goat,5006,Farm animals,
Carling-2017-112e-6,6,934,BUFFALO,buffalo,5005,Wild animals,
Carling-2017-112e-7,7,665,BEE,bee,5007,Wild animals,
Carling-2017-112e-8,8,1820,BEAR,bear,5008,Wild animals,
Carling-2017-112e-9,9,846,TIGER,tiger,5009,Wild animals,
Carling-2017-112e-10,10,3154,WILD BOAR,pig (wild),5010,Wild animals,
Carling-2017-112e-11,11,,*FLYING SQUIRREL,flying squirrel,5011,Wild animals,
Carling-2017-112e-12,12,1793,BAT,bat / fruit bat,5012,Wild animals,
Carling-2017-112e-13,13,937,BIRD,bird,5013,Wild animals,
Carling-2017-112e-14,14,730,SNAKE,snake (e.g. cobra),5014,Wild animals,
Carling-2017-112e-15,15,227,FISH,fish,5015,Wild animals,
Carling-2017-112e-16,16,1490,RAT,rat,5016,Wild animals,
Carling-2017-112e-17,17,2348,CRAB,crab,5017,Wild animals,
Carling-2017-112e-18,18,1013,FRESHWATER EEL,(freshwater) eel,5018,Wild animals,
Carling-2017-112e-19,19,1350,MONKEY,monkey,5019,Wild animals,
Carling-2017-112e-20,20,942,HONEY,honey,5020,Products,
Carling-2017-112e-21,21,1524,WINE,wine (rice),5021,Products,
Carling-2017-112e-22,22,1274,SALT,salt,5022,Products,
Carling-2017-112e-23,23,862,SUGAR,sugar,5023,Products,
Carling-2017-112e-24,24,2769,PORK,pork,5024,Products,
Carling-2017-112e-25,25,634,MEAT,meat (food),5025,Products,
Carling-2017-112e-26,26,2551,ORGANIC FAT OR OIL,oil / grease,5026,Products,
Carling-2017-112e-27,27,133,WEAVE,to weave,5027,Activities,
Carling-2017-112e-28,28,1457,SEW,to sew,5028,Activities,
Carling-2017-112e-29,29,748,SOW SEEDS,to sow,5029,Activities,
Carling-2017-112e-30,30,1100,COOK (SOMETHING),to cook,5030,Activities,
Carling-2017-112e-31,31,1261,SING,to sing,5031,Activities,
Carling-2017-112e-32,32,1879,DANCE,to dance,5032,Activities,
Carling-2017-112e-33,33,1435,HUNT,to hunt,5033,Activities,
Carling-2017-112e-34,34,354,POUND,to pound (rice),5034,Activities,
Carling-2017-112e-35,35,2026,RICE PLANT,rice (crop),5035,Crops & fruit,
Carling-2017-112e-36,36,926,RICE,rice (grain),5036,Crops & fruit,
Carling-2017-112e-37,37,1191,COOKED RICE,rice (cooked),5037,Crops & fruit,
Carling-2017-112e-38,38,931,MILLET,millet,5038,Crops & fruit,
Carling-2017-112e-39,39,506,MAIZE,maize,5039,Crops & fruit,
Carling-2017-112e-40,40,146,SUGAR CANE,sugar-cane,5040,Crops & fruit,
Carling-2017-112e-41,41,217,BETELNUT,betel nut,5041,Crops & fruit,
Carling-2017-112e-42,42,159,SWEET POTATO,sweet potato,5042,Crops & fruit,
Carling-2017-112e-43,43,351,TARO,taro,5043,Crops & fruit,
Carling-2017-112e-44,44,868,BANANA,banana,5044,Crops & fruit,
Carling-2017-112e-45,45,970,COCONUT,coconut,5045,Crops & fruit,
Carling-2017-112e-46,46,1507,FRUIT,fruit,5046,Crops & fruit,
Carling-2017-112e-47,47,346,BANYAN,banyan,5047,Crops & fruit,
Carling-2017-112e-48,48,410,YAM,yam (Dioscorea),5048,Crops & fruit,
Carling-2017-112e-49,49,2445,PAPAYA,papaya,5049,Crops & fruit,
Carling-2017-112e-50,50,2398,MANGO,mango,5050,Crops & fruit,
Carling-2017-112e-51,51,1844,BOAT,boat,5051,Cultural artefacts & tools,
Carling-2017-112e-52,52,1970,CANOE,canoe,5052,Cultural artefacts & tools,
Carling-2017-112e-53,53,,*OAR OR PADDLE,oar / paddle,5053,Cultural artefacts & tools,
Carling-2017-112e-54,54,786,SAILCLOTH,sail,5054,Cultural artefacts & tools,
Carling-2017-112e-55,55,1948,SAW,saw,5055,Cultural artefacts & tools,
Carling-2017-112e-56,56,677,AXE,axe,5056,Cultural artefacts & tools,
Carling-2017-112e-57,57,1787,LOOM,loom,5057,Cultural artefacts & tools,
Carling-2017-112e-58,58,1462,POT,pot,5058,Cultural artefacts & tools,
Carling-2017-112e-59,59,284,HOE,hoe,5059,Cultural artefacts & tools,
Carling-2017-112e-60,60,,*JEW’S HARP,Jew's harp,5060,Cultural artefacts & tools,
Carling-2017-112e-61,61,140,PADDY FIELD,field (wet) / rice paddy,5061,Cultural artefacts & tools,
Carling-2017-112e-62,62,2794,FIELD (UPLAND),field (dry),5062,Cultural artefacts & tools,
Carling-2017-112e-63,63,224,MORTAR CRUSHER,mortar,5063,Cultural artefacts & tools,
Carling-2017-112e-64,64,225,PESTLE,pestle,5064,Cultural artefacts & tools,
Carling-2017-112e-65,65,1075,TRAP (PITFALL),trap,5065,Cultural artefacts & tools,
Carling-2017-112e-66,66,,*SNARE (TRAP),snare,5066,Cultural artefacts & tools,
Carling-2017-112e-67,67,1218,ROPE,rope,5067,Cultural artefacts & tools,
Carling-2017-112e-68,68,1539,BASKET,basket,5068,Cultural artefacts & tools,
Carling-2017-112e-69,69,245,BROOM,broom,5069,Cultural artefacts & tools,
Carling-2017-112e-70,70,195,MAT,mat,5070,Cultural artefacts & tools,
Carling-2017-112e-71,71,1895,CLOTHES,clothing,5071,Cultural artefacts & tools,
Carling-2017-112e-72,72,2282,SEA OR OCEAN,sea / ocean,5072,Seasons & nature,
Carling-2017-112e-73,73,,*POND OR LAKE,pond / lake,5073,Seasons & nature,
Carling-2017-112e-74,74,,*SNOW OR ICE,snow / ice,5074,Seasons & nature,
Carling-2017-112e-75,75,1342,SUMMER,summer / warm season,5075,Seasons & nature,
Carling-2017-112e-76,76,1471,WINTER,winter / cold season,5076,Seasons & nature,
Carling-2017-112e-77,77,,*MONSOON SEASON,monsoon season,5077,Seasons & nature,
Carling-2017-112e-78,78,1276,AUTUMN,autumn,5078,Seasons & nature,
Carling-2017-112e-79,79,1537,SPRINGTIME,spring,5079,Seasons & nature,
Carling-2017-112e-80,80,,*IRON OR METAL,iron / metal,5080,Metals & materials,
Carling-2017-112e-81,81,759,SILVER,silver,5081,Metals & materials,
Carling-2017-112e-82,82,1369,GOLD,gold,5082,Metals & materials,
Carling-2017-112e-83,83,,*PEARL,pearl,5083,Metals & materials,
Carling-2017-112e-84,84,,,cowry shell,5084,Metals & materials,
Carling-2017-112e-85,85,1803,WOOD,wood,5085,Metals & materials,
Carling-2017-112e-86,86,857,STONE,stone,5086,Metals & materials,
Carling-2017-112e-87,87,,*LEATHER OR HIDE,leather / hide,5087,Metals & materials,
Carling-2017-112e-88,88,1616,CLOTH,cloth,5088,Metals & materials,
Carling-2017-112e-89,89,1927,BAMBOO,bamboo,5089,Metals & materials,
Carling-2017-112e-90,90,648,PAPER,paper,5090,Metals & materials,
Carling-2017-112e-91,91,1188,CHARCOAL,charcoal,5091,Metals & materials,
Carling-2017-112e-92,92,2680,MACHETE,machete,5092,Weapons,
Carling-2017-112e-93,93,994,BOW,bow,5093,Weapons,
Carling-2017-112e-94,94,977,ARROW,arrow,5094,Weapons,
Carling-2017-112e-95,95,1352,KNIFE,knife,5095,Weapons,
Carling-2017-112e-96,96,945,SPEAR,spear,5096,Weapons,
Carling-2017-112e-97,97,,,head-hunting,5097,Belief,
Carling-2017-112e-98,98,24,PRAY,to pray,5098,Belief,
Carling-2017-112e-99,99,394,SHAMAN (FOLK HEALER),shaman / medicine-man,5099,Belief,
Carling-2017-112e-100,100,499,CURE,"to heal, to cure",5100,Belief,
Carling-2017-112e-101,101,823,SORCERER,sorcerer,5101,Belief,
Carling-2017-112e-102,102,1175,GHOST,ghost,5102,Belief,
Carling-2017-112e-103,103,1973,DEMON,demon,5103,Belief,
Carling-2017-112e-104,104,1259,WEDDING,wedding,5104,Belief,
Carling-2017-112e-105,105,1773,GRAVE,grave,5105,Belief,
Carling-2017-112e-106,106,1669,ANCESTORS,ancestor(s),5106,Belief,
Carling-2017-112e-107,107,1343,SUN,sun,5107,Astronomy,
Carling-2017-112e-108,108,1313,MOON,moon,5108,Astronomy,
Carling-2017-112e-109,109,1430,STAR,star,5109,Astronomy,
Carling-2017-112e-110,110,1252,HOUSE,house,5110,Settlement,
Carling-2017-112e-111,111,1011,BRIDGE,bridge,5111,Settlement,
Carling-2017-112e-112,112,930,VILLAGE,village,5112,Settlement,
Carling-2017-127g-1,1,1008,BULL,bull,12001,Farm animals,
Carling-2017-127g-2,2,1007,COW,cow,12002,Farm animals,
Carling-2017-127g-3,3,1169,OX,ox,12003,Farm animals,
Carling-2017-127g-4,4,1153,CATTLE,cattle (collective term),12004,Farm animals,
Carling-2017-127g-5,5,615,HORSE,horse,12005,Farm animals,
Carling-2017-127g-6,6,1862,DONKEY,donkey,12006,Farm animals,
Carling-2017-127g-7,7,1331,SHEEP,sheep (collective term),12007,Farm animals,
Carling-2017-127g-8,8,1344,RAM,ram,12008,Farm animals,
Carling-2017-127g-9,9,820,LAMB,lamb,12009,Farm animals,
Carling-2017-127g-10,10,1502,GOAT,goat,12010,Farm animals,
Carling-2017-127g-11,11,1337,PIG,pig,12011,Farm animals,
Carling-2017-127g-12,12,2564,PIGLET,piglet,12012,Farm animals,
Carling-2017-127g-13,13,1514,HEN,hen,12013,Farm animals,
Carling-2017-127g-14,14,1511,ROOSTER,rooster,12014,Farm animals,
Carling-2017-127g-15,15,1318,CHICKEN,chicken,12015,Farm animals,
Carling-2017-127g-16,16,1360,DUCK,duck,12016,Farm animals,
Carling-2017-127g-17,17,2009,DOG,dog,12017,Farm animals,
Carling-2017-127g-18,18,1208,CAT,cat,12018,Farm animals,
Carling-2017-127g-19,19,665,BEE,bee,12019,Farm animals,
Carling-2017-127g-20,20,,*YEARLING (HORSE),yearling,12020,Farm animals,
Carling-2017-127g-21,21,522,WOLF,wolf,12021,Wild animals,
Carling-2017-127g-22,22,1820,BEAR,bear,12022,Wild animals,
Carling-2017-127g-23,23,3154,WILD BOAR,wild pig,12023,Wild animals,
Carling-2017-127g-24,24,1139,LEOPARD,leopard,12024,Wild animals,
Carling-2017-127g-25,25,1386,LION,lion,12025,Wild animals,
Carling-2017-127g-26,26,1312,FOX,fox,12026,Wild animals,
Carling-2017-127g-27,27,,*JACKAL,jackal,12027,Wild animals,
Carling-2017-127g-28,28,3142,BISON,bison,12028,Wild animals,
Carling-2017-127g-29,29,1190,HARE,hare,12029,Wild animals,
Carling-2017-127g-30,30,1136,RABBIT,rabbit,12030,Wild animals,
Carling-2017-127g-31,31,730,SNAKE,snake,12031,Wild animals,
Carling-2017-127g-32,32,2543,RAVEN,raven,12032,Wild animals,
Carling-2017-127g-33,33,1905,EAGLE,eagle,12033,Wild animals,
Carling-2017-127g-34,34,1936,DEER,deer,12034,Wild animals,
Carling-2017-127g-35,35,964,WOOL,wool,12035,Products,
Carling-2017-127g-36,36,580,FUR,fur,12036,Products,
Carling-2017-127g-37,37,942,HONEY,honey,12037,Products,
Carling-2017-127g-38,38,635,MILK,milk,12038,Products,
Carling-2017-127g-39,39,1274,SALT,salt,12039,Products,
Carling-2017-127g-40,40,1524,WINE,wine,12040,Products,
Carling-2017-127g-41,41,941,MEAD,mead,12041,Products,(i.e. based on honey)
Carling-2017-127g-42,42,,*HOPS,hops,12042,Products,(Swe. humle)
Carling-2017-127g-43,43,1931,BEESWAX,beeswax,12043,Products,
Carling-2017-127g-44,44,634,MEAT,meat,12044,Products,
Carling-2017-127g-45,45,323,FAT (ORGANIC SUBSTANCE),grease,12045,Products,
Carling-2017-127g-46,46,133,WEAVE,to weave,12046,Activities,
Carling-2017-127g-47,47,121,SPIN,to spin (thread),12047,Activities,
Carling-2017-127g-48,48,1457,SEW,to sew,12048,Activities,
Carling-2017-127g-49,49,1921,PLOUGH,to plough,12049,Activities,
Carling-2017-127g-50,50,748,SOW SEEDS,to sow,12050,Activities,
Carling-2017-127g-51,51,1077,WHEAT,wheat,12051,Crops & fruit,
Carling-2017-127g-52,52,932,BARLEY,barley,12052,Crops & fruit,
Carling-2017-127g-53,53,23,RYE,rye,12053,Crops & fruit,
Carling-2017-127g-54,54,60,OAT,oats,12054,Crops & fruit,
Carling-2017-127g-55,55,,*LENTILS,lentils,12055,Crops & fruit,
Carling-2017-127g-56,56,605,GRAIN,grain (generic),12056,Crops & fruit,
Carling-2017-127g-57,57,3062,TURNIP,turnip,12057,Crops & fruit,
Carling-2017-127g-58,58,1320,APPLE,apple,12058,Crops & fruit,
Carling-2017-127g-59,59,904,BERRY,berry,12059,Crops & fruit,
Carling-2017-127g-60,60,920,GRAPE,grape,12060,Crops & fruit,
Carling-2017-127g-61,61,,*FLAX,flax,12061,Crops & fruit,
Carling-2017-127g-62,62,20,SCYTHE,scythe,12062,Cultural artefacts & tools,
Carling-2017-127g-63,63,341,SICKLE,sickle,12063,Cultural artefacts & tools,
Carling-2017-127g-64,64,1176,SPADE,spade,12064,Cultural artefacts & tools,
Carling-2017-127g-65,65,2154,PLOUGH (INSTRUMENT),plough (n),12065,Cultural artefacts & tools,
Carling-2017-127g-66,66,1948,SAW,saw,12066,Cultural artefacts & tools,
Carling-2017-127g-67,67,677,AXE,axe,12067,Cultural artefacts & tools,
Carling-2017-127g-68,68,14,YOKE,yoke,12068,Cultural artefacts & tools,
Carling-2017-127g-69,69,959,WAGON,wagon,12069,Cultural artefacts & tools,
Carling-2017-127g-70,70,710,WHEEL,wheel,12070,Cultural artefacts & tools,
Carling-2017-127g-71,71,,,hub,12071,Cultural artefacts & tools,
Carling-2017-127g-72,72,1769,AXLE,axle,12072,Cultural artefacts & tools,
Carling-2017-127g-73,73,212,FIELD,cultivated field,12073,Cultural artefacts & tools,
Carling-2017-127g-74,74,649,PASTURE,pasture,12074,Cultural artefacts & tools,
Carling-2017-127g-75,75,1794,FURROW,furrow,12075,Cultural artefacts & tools,
Carling-2017-127g-76,76,1462,POT,(ceramic) pot,12076,Cultural artefacts & tools,
Carling-2017-127g-77,77,777,FLUTE,flutes,12077,Cultural artefacts & tools,
Carling-2017-127g-78,78,1342,SUMMER,summer,12078,Seasons,
Carling-2017-127g-79,79,1276,AUTUMN,autumn,12079,Seasons,
Carling-2017-127g-80,80,611,HARVEST,harvest,12080,Seasons,
Carling-2017-127g-81,81,1471,WINTER,winter,12081,Seasons,
Carling-2017-127g-82,82,1537,SPRINGTIME,spring,12082,Seasons,
Carling-2017-127g-83,83,1825,COPPER,copper,12083,Metals & materials,
Carling-2017-127g-84,84,621,IRON,iron,12084,Metals & materials,
Carling-2017-127g-85,85,759,SILVER,silver,12085,Metals & materials,
Carling-2017-127g-86,86,1369,GOLD,gold,12086,Metals & materials,
Carling-2017-127g-87,87,1803,WOOD,wood,12087,Metals & materials,
Carling-2017-127g-88,88,857,STONE,stone,12088,Metals & materials,
Carling-2017-127g-89,89,629,LEATHER,leather,12089,Metals & materials,
Carling-2017-127g-90,90,945,SPEAR,spear,12090,Weapons etc.,
Carling-2017-127g-91,91,994,BOW,bow,12091,Weapons etc.,
Carling-2017-127g-92,92,977,ARROW,arrow,12092,Weapons etc.,
Carling-2017-127g-93,93,1535,SWORD,sword,12093,Weapons etc.,
Carling-2017-127g-94,94,1352,KNIFE,knife,12094,Weapons etc.,
Carling-2017-127g-95,95,1064,SHIELD,shield,12095,Weapons etc.,
Carling-2017-127g-96,96,1561,ARMY,army,12096,Weapons etc.,
Carling-2017-127g-97,97,386,BATTLE-AXE,battle axe,12097,Weapons etc.,
Carling-2017-127g-98,98,911,TEMPLE,temple,12098,Belief,
Carling-2017-127g-99,99,1103,SACRIFICE,sacrifice,12099,Belief,
Carling-2017-127g-100,100,,*FASTING,fast,12100,Belief,
Carling-2017-127g-101,101,24,PRAY,to pray,12101,Belief,
Carling-2017-127g-102,102,,*PRIEST OR SHAMAN,priest / shaman,12102,Belief,
Carling-2017-127g-103,103,1773,GRAVE,grave,12103,Belief,
Carling-2017-127g-104,104,1259,WEDDING,wedding,12104,Belief,
Carling-2017-127g-105,105,,*BELIEF (RELIGOUS),belief,12105,Belief,
Carling-2017-127g-106,106,,*RITE,rite,12106,Belief,
Carling-2017-127g-107,107,1702,HOLY,sacred,12107,Belief,
Carling-2017-127g-108,108,852,PRIEST,priest,12108,Belief,
Carling-2017-127g-109,109,1973,DEMON,demon,12109,Belief,
Carling-2017-127g-110,110,1175,GHOST,ghost,12110,Belief,
Carling-2017-127g-111,111,,*SACRED GROVE,sacred grove,12113,Belief,
Carling-2017-127g-112,112,,*FUNERAL,funeral,12114,Belief,
Carling-2017-127g-113,113,,*BURIAL MOUND,burial mound,12115,Belief,
Carling-2017-127g-114,114,1669,ANCESTORS,ancestor,12116,Belief,
Carling-2017-127g-115,115,,*LIBATE,"to give to drink, to libate",12117,Belief,
Carling-2017-127g-116,116,,,witchcraft (evil),12118,Belief,
Carling-2017-127g-117,117,,,healing witchcraft,12119,Belief,
Carling-2017-127g-118,118,823,SORCERER,sorcerer (evil),12120,Belief,
Carling-2017-127g-119,119,,,witch-doctor,12121,Belief,
Carling-2017-127g-120,120,1343,SUN,sun,12122,Astronomy,
Carling-2017-127g-121,121,1313,MOON,moon,12123,Astronomy,
Carling-2017-127g-122,122,1430,STAR,star,12124,Astronomy,
Carling-2017-127g-123,123,,*POLAR STAR,polar star,12125,Astronomy,
Carling-2017-127g-124,124,,*MORNING STAR,Morning Star,12126,Astronomy,
Carling-2017-127g-125,125,,*EVENING STAR,Evening Star,12127,Astronomy,
Carling-2017-127g-126,126,,*URSA MAJOR,Ursa Major (Big Dipper),12128,Astronomy,
Carling-2017-127g-127,127,,*ORION’S BELT,Orion’s belt,12129,Astronomy,
Carling-2017-209b-1,1,98,ALL,all (of a number),2001,,
Carling-2017-209b-2,2,1577,AND,and,2002,,
Carling-2017-209b-3,3,619,ANIMAL,animal,2003,,
Carling-2017-209b-4,4,646,ASH,ash(es),2004,,
Carling-2017-209b-5,5,1461,AT,at,2005,,
Carling-2017-209b-6,6,1291,BACK,back (of body),2006,,
Carling-2017-209b-7,7,1292,BAD,bad,2007,,
Carling-2017-209b-8,8,1204,BARK,bark (of tree),2008,,
Carling-2017-209b-9,9,1157,BECAUSE,because,2009,,
Carling-2017-209b-10,10,2114,BELLY OR STOMACH,"belly (abdomen, stomach)",2010,,
Carling-2017-209b-11,11,1202,BIG,big,2011,,
Carling-2017-209b-12,12,937,BIRD,bird,2012,,
Carling-2017-209b-13,13,1403,BITE,to bite,2013,,
Carling-2017-209b-14,14,2633,BLACK OR DARK,black (colour),2014,,
Carling-2017-209b-15,15,946,BLOOD,blood (n),2015,,
Carling-2017-209b-16,16,175,BLOW (OF WIND),to blow,2016,,
Carling-2017-209b-17,17,1394,BONE,bone,2017,,
Carling-2017-209b-18,18,1402,BREAST,breast,2018,,
Carling-2017-209b-19,19,1407,BREATHE,to breathe,2019,,
Carling-2017-209b-20,20,1428,BURNING,to burn (intr.),2020,,
Carling-2017-209b-21,21,2099,CHILD,child,2021,,
Carling-2017-209b-22,22,1489,CLOUD,cloud (not fog),2022,,
Carling-2017-209b-23,23,2483,COLD (OF WEATHER),cold (of weather),2023,,
Carling-2017-209b-24,24,1446,COME,to come,2024,,
Carling-2017-209b-25,25,1420,COUNT,to count,2025,,
Carling-2017-209b-26,26,1432,CUT,to cut,2026,,
Carling-2017-209b-27,27,1225,DAY (NOT NIGHT),day,2027,,
Carling-2017-209b-28,28,1494,DIE,to die,2028,,
Carling-2017-209b-29,29,1418,DIG,to dig,2029,,
Carling-2017-209b-30,30,1230,DIRTY,dirty,2030,,
Carling-2017-209b-31,31,2009,DOG,dog,2031,,
Carling-2017-209b-32,32,1401,DRINK,to drink,2032,,
Carling-2017-209b-33,33,1398,DRY,dry (adj),2033,,
Carling-2017-209b-34,34,379,BLUNT,dull,2034,,
Carling-2017-209b-35,35,2,DUST,dust,2035,,
Carling-2017-209b-36,36,1247,EAR,ear,2036,,
Carling-2017-209b-37,37,1228,EARTH (SOIL),"earth (soil, ground)",2037,,
Carling-2017-209b-38,38,1336,EAT,to eat,2038,,
Carling-2017-209b-39,39,744,EGG,egg,2039,,
Carling-2017-209b-40,40,1248,EYE,eye,2040,,
Carling-2017-209b-41,41,1280,FALL,to fall,2041,,
Carling-2017-209b-42,42,1406,FAR,far,2042,,
Carling-2017-209b-43,43,323,FAT (ORGANIC SUBSTANCE),fat (organic substance),2043,,
Carling-2017-209b-44,44,1217,FATHER,father,2044,,
Carling-2017-209b-45,45,1419,FEAR (BE AFRAID),to fear,2045,,
Carling-2017-209b-46,46,1201,FEATHER,feather (not down),2046,,
Carling-2017-209b-47,47,1242,FEW,few,2047,,
Carling-2017-209b-48,48,1423,FIGHT,to fight,2048,,
Carling-2017-209b-49,49,1258,FINGERNAIL,fingernail,2049,,
Carling-2017-209b-50,50,221,FIRE,fire,2050,,
Carling-2017-209b-51,51,227,FISH,fish (n),2051,,
Carling-2017-209b-52,52,493,FIVE,five,2052,,
Carling-2017-209b-53,53,1574,FLOAT,to float,2053,,
Carling-2017-209b-54,54,2003,FLOW,to flow,2054,,
Carling-2017-209b-55,55,239,FLOWER,flower,2055,,
Carling-2017-209b-56,56,1441,FLY (MOVE THROUGH AIR),to fly,2056,,
Carling-2017-209b-57,57,249,FOG,fog (mist),2057,,
Carling-2017-209b-58,58,1301,FOOT,foot (not leg),2058,,
Carling-2017-209b-59,59,1500,FOUR,four,2059,,
Carling-2017-209b-60,60,1431,FREEZE,to freeze,2060,,
Carling-2017-209b-61,61,1507,FRUIT,fruit,2061,,
Carling-2017-209b-62,62,1429,FULL,full,2062,,
Carling-2017-209b-63,63,1447,GIVE,to give,2063,,
Carling-2017-209b-64,64,1035,GOOD,good,2064,,
Carling-2017-209b-65,65,606,GRASS,grass,2065,,
Carling-2017-209b-66,66,1425,GREEN,green (colour),2066,,
Carling-2017-209b-67,67,1334,GUTS,guts,2067,,
Carling-2017-209b-68,68,2648,HAIR (HEAD),hair (of head),2068,,
Carling-2017-209b-69,69,1277,HAND,hand (not arm),2069,,
Carling-2017-209b-70,70,1211,HE,he (3sg m),2070,,
Carling-2017-209b-71,71,1256,HEAD,head (anatomic),2071,,
Carling-2017-209b-72,72,1408,HEAR,to hear,2072,,
Carling-2017-209b-73,73,1223,HEART,heart (organ),2073,,
Carling-2017-209b-74,74,1210,HEAVY,heavy,2074,,
Carling-2017-209b-75,75,136,HERE,here (proximal),2075,,
Carling-2017-209b-76,76,1433,HIT,to hit,2076,,
Carling-2017-209b-77,77,1448,HOLD,to hold,2077,,
Carling-2017-209b-78,78,1393,HORN (ANATOMY),horn,2078,,
Carling-2017-209b-79,79,1239,HOW,how?,2079,,
Carling-2017-209b-80,80,1435,HUNT,to hunt,2080,,
Carling-2017-209b-81,81,1200,HUSBAND,husband,2081,,
Carling-2017-209b-82,82,1209,I,I (1sg),2082,,
Carling-2017-209b-83,83,617,ICE,ice,2083,,
Carling-2017-209b-84,84,1459,IF,if,2084,,
Carling-2017-209b-85,85,1460,IN,in,2085,,
Carling-2017-209b-86,86,1417,KILL,to kill,2086,,
Carling-2017-209b-87,87,1371,KNEE,knee,2087,,
Carling-2017-209b-88,88,1410,KNOW (SOMETHING),to know,2088,,
Carling-2017-209b-89,89,624,LAKE,lake,2089,,
Carling-2017-209b-90,90,1355,LAUGH,to laugh,2090,,
Carling-2017-209b-91,91,628,LEAF,leaf (botanics),2091,,
Carling-2017-209b-92,92,244,LEFT,left (not right),2092,,
Carling-2017-209b-93,93,1297,LEG,leg,2093,,
Carling-2017-209b-94,94,1411,LIE (REST),to lie (recline),2094,,
Carling-2017-209b-95,95,1422,BE ALIVE,to live,2095,,
Carling-2017-209b-96,96,1224,LIVER,liver,2096,,
Carling-2017-209b-97,97,1203,LONG,long (adj),2097,,
Carling-2017-209b-98,98,1392,LOUSE,louse (lice),2098,,
Carling-2017-209b-99,99,1554,MAN,man (adult male human),2099,,
Carling-2017-209b-100,100,1198,MANY,many,2100,,
Carling-2017-209b-101,101,2615,FLESH OR MEAT,meat/flesh,2101,,
Carling-2017-209b-102,102,1313,MOON,moon,2102,,
Carling-2017-209b-103,103,1216,MOTHER,mother,2103,,
Carling-2017-209b-104,104,639,MOUNTAIN,mountain,2104,,
Carling-2017-209b-105,105,674,MOUTH,mouth,2105,,
Carling-2017-209b-106,106,1405,NAME,name,2106,,
Carling-2017-209b-107,107,1267,NARROW,narrow,2107,,
Carling-2017-209b-108,108,1942,NEAR,near,2108,,
Carling-2017-209b-109,109,1333,NECK,neck,2109,,
Carling-2017-209b-110,110,1231,NEW,new,2110,,
Carling-2017-209b-111,111,1233,NIGHT,night,2111,,
Carling-2017-209b-112,112,1221,NOSE,nose,2112,,
Carling-2017-209b-113,113,1240,NOT,not,2113,,
Carling-2017-209b-114,114,1229,OLD,old,2114,,
Carling-2017-209b-115,115,1493,ONE,one,2115,,
Carling-2017-209b-116,116,197,OTHER,other,2116,,
Carling-2017-209b-117,117,683,PERSON,person (individual human),2117,,
Carling-2017-209b-118,118,1413,PLAY,to play,2118,,
Carling-2017-209b-119,119,1455,PULL,to pull,2119,,
Carling-2017-209b-120,120,1452,PUSH,to push,2120,,
Carling-2017-209b-121,121,658,RAIN (PRECIPITATION),rain (n),2121,,
Carling-2017-209b-122,122,156,RED,red (colour),2122,,
Carling-2017-209b-123,123,1725,CORRECT (RIGHT),right (correct),2123,,
Carling-2017-209b-124,124,1019,RIGHT,right (side),2124,,
Carling-2017-209b-125,125,666,RIVER,river,2125,,
Carling-2017-209b-126,126,2457,PATH OR ROAD,road/path,2126,,
Carling-2017-209b-127,127,670,ROOT,root (botanics),2127,,
Carling-2017-209b-128,128,1218,ROPE,rope,2128,,
Carling-2017-209b-129,129,1728,ROTTEN,rotten (adj),2129,,
Carling-2017-209b-130,130,1395,ROUND,round,2130,,
Carling-2017-209b-131,131,1449,RUB,to rub,2131,,
Carling-2017-209b-132,132,1274,SALT,salt,2132,,
Carling-2017-209b-133,133,671,SAND,sand,2133,,
Carling-2017-209b-134,134,1458,SAY,to say,2134,,
Carling-2017-209b-135,135,1436,SCRATCH,to scratch,2135,,
Carling-2017-209b-136,136,1474,SEA,sea,2136,,
Carling-2017-209b-137,137,1409,SEE,to see,2137,,
Carling-2017-209b-138,138,714,SEED,seed (n),2138,,
Carling-2017-209b-139,139,1457,SEW,to sew,2139,,
Carling-2017-209b-140,140,1396,SHARP,sharp,2140,,
Carling-2017-209b-141,141,1645,SHORT,short,2142,,
Carling-2017-209b-142,142,1261,SING,to sing,2143,,
Carling-2017-209b-143,143,1416,SIT,to sit,2144,,
Carling-2017-209b-144,144,2613,SKIN (HUMAN),skin (person's),2145,,
Carling-2017-209b-145,145,1732,SKY,sky,2146,,
Carling-2017-209b-146,146,1585,SLEEP,to sleep,2147,,
Carling-2017-209b-147,147,1246,SMALL,small,2148,,
Carling-2017-209b-148,148,2124,SMELL,to smell,2149,,
Carling-2017-209b-149,149,1234,SMOOTH,smooth,2150,,
Carling-2017-209b-150,150,730,SNAKE,snake,2151,,
Carling-2017-209b-151,151,784,SNOW,snow (n),2152,,
Carling-2017-209b-152,152,1241,SOME,some,2153,,
Carling-2017-209b-153,153,1440,SPIT,to spit,2154,,
Carling-2017-209b-154,154,1437,SPLIT,to split,2155,,
Carling-2017-209b-155,155,1414,SQUEEZE,to squeeze,2156,,
Carling-2017-209b-156,156,1434,STAB,to stab,2157,,
Carling-2017-209b-157,157,1442,STAND,to stand,2158,,
Carling-2017-209b-158,158,1430,STAR,star,2159,,
Carling-2017-209b-159,159,1295,STICK,stick (n),2160,,
Carling-2017-209b-160,160,857,STONE,stone,2161,,
Carling-2017-209b-161,161,1404,STRAIGHT,straight,2162,,
Carling-2017-209b-162,162,1421,SUCK,to suck,2163,,
Carling-2017-209b-163,163,1343,SUN,sun,2164,,
Carling-2017-209b-164,164,1573,SWELL,to swell,2165,,
Carling-2017-209b-165,165,1439,SWIM,to swim,2166,,
Carling-2017-209b-166,166,1220,TAIL,tail,2167,,
Carling-2017-209b-167,167,78,THAT,"that (deixis, distal)",2168,,
Carling-2017-209b-168,168,1937,THERE,there (distal),2169,,
Carling-2017-209b-169,169,817,THEY,they (3pl),2170,,
Carling-2017-209b-170,170,1244,THICK,thick,2171,,
Carling-2017-209b-171,171,2308,THIN,thin,2172,,
Carling-2017-209b-172,172,2271,THINK,to think,2173,,
Carling-2017-209b-173,173,1214,THIS,"this (deixis, proximal)",2174,,
Carling-2017-209b-174,174,1215,THOU,thou (2sg),2175,,
Carling-2017-209b-175,175,492,THREE,three,2176,,
Carling-2017-209b-176,176,1456,THROW,to throw,2177,,
Carling-2017-209b-177,177,1917,TIE,to tie,2178,,
Carling-2017-209b-178,178,1205,TONGUE,tongue (anatomical),2179,,
Carling-2017-209b-179,179,1380,TOOTH,tooth (general),2180,,
Carling-2017-209b-180,180,906,TREE,tree,2181,,
Carling-2017-209b-181,181,1588,TURN,to turn,2182,,
Carling-2017-209b-182,182,1498,TWO,two,2183,,
Carling-2017-209b-183,183,1443,WALK,to walk,2184,,
Carling-2017-209b-184,184,2110,WARM (OF WEATHER),warm (of weather),2185,,
Carling-2017-209b-185,185,1453,WASH,to wash/to bathe,2186,,
Carling-2017-209b-186,186,948,WATER,water (n),2187,,
Carling-2017-209b-187,187,1726,WET,wet,2189,,
Carling-2017-209b-188,188,1236,WHAT,what?,2190,,
Carling-2017-209b-189,189,1238,WHEN,when?,2191,,
Carling-2017-209b-190,190,1237,WHERE,where?,2192,,
Carling-2017-209b-191,191,1335,WHITE,white (colour),2193,,
Carling-2017-209b-192,192,1235,WHO,who?,2194,,
Carling-2017-209b-193,193,1243,WIDE,wide,2195,,
Carling-2017-209b-194,194,1199,WIFE,wife,2196,,
Carling-2017-209b-195,195,960,WIND,wind,2197,,
Carling-2017-209b-196,196,1257,WING,wing,2198,,
Carling-2017-209b-197,197,1454,WIPE,to wipe,2199,,
Carling-2017-209b-198,198,1340,WITH,with (accompanying),2200,,
Carling-2017-209b-199,199,962,WOMAN,woman,2201,,
Carling-2017-209b-200,200,1278,VOMIT,to vomit,2202,,
Carling-2017-209b-201,201,420,FOREST,woods/forest,2203,,
Carling-2017-209b-202,202,1219,WORM,worm,2204,,
Carling-2017-209b-203,203,1226,YEAR,year,2205,,
Carling-2017-209b-204,204,1424,YELLOW,yellow (colour),2206,,
Carling-2017-209b-205,205,1213,YOU,you (2pl),2207,,
Carling-2017-209b-206,206,1131,WE (INCLUSIVE),we (1pl incl.),2208,,
Carling-2017-209b-207,207,778,SMOKE (EXHAUST),smoke (n),2209,,
Carling-2017-209b-208,208,1212,WE,we (1pl),12373,,
Carling-2017-209b-209,209,1130,WE (EXCLUSIVE),we (1pl excl.),12374,,
Carling-2017-240c-1,1,506,MAIZE,"maize, corn",4001,Agricultural produce,
Carling-2017-240c-2,2,159,SWEET POTATO,sweet potato,4002,Agricultural produce,
Carling-2017-240c-3,3,925,CASSAVA,manioc,4003,Agricultural produce,
Carling-2017-240c-4,4,974,TOBACCO,tobacco,12139,Agricultural produce,
Carling-2017-240c-5,5,832,BEAN,bean,12169,Agricultural produce,
Carling-2017-240c-6,6,919,CHILI PEPPER,chili,12170,Agricultural produce,
Carling-2017-240c-7,7,1850,COTTON,cotton,12171,Agricultural produce,
Carling-2017-240c-8,8,411,GOURD,gourd,12172,Agricultural produce,
Carling-2017-240c-9,9,864,PUMPKIN,pumpkin,12173,Agricultural produce,
Carling-2017-240c-10,10,410,YAM,yam,12174,Agricultural produce,
Carling-2017-240c-11,11,593,POTATO,potato,12175,Agricultural produce,
Carling-2017-240c-12,12,312,TAPIR,tapir,4004,Wild animals,
Carling-2017-240c-13,13,1250,JAGUAR,jaguar,4005,Wild animals,
Carling-2017-240c-14,14,1885,ARMADILLO,armadillo,4006,Wild animals,
Carling-2017-240c-15,15,1630,MACAW,macaw,4007,Wild animals,
Carling-2017-240c-16,16,882,PARROT,parrot,4008,Wild animals,
Carling-2017-240c-17,17,308,TOUCAN,toucan,4009,Wild animals,
Carling-2017-240c-18,18,315,CURASSOW,"mutum, curassow",4010,Wild animals,
Carling-2017-240c-19,19,2438,CAIMAN,caiman,4011,Wild animals,
Carling-2017-240c-20,20,227,FISH,fish (n),12151,Wild animals,
Carling-2017-240c-21,21,843,SPIDER,spider,12340,Wild animals,
Carling-2017-240c-22,22,1791,BUTTERFLY,butterfly,12341,Wild animals,
Carling-2017-240c-23,23,314,CAPYBARA,capybara,12342,Wild animals,
Carling-2017-240c-24,24,730,SNAKE,snake,12343,Wild animals,
Carling-2017-240c-25,25,587,ANT,ant,12344,Wild animals,
Carling-2017-240c-26,26,,,margay,12345,Wild animals,
Carling-2017-240c-27,27,2640,LARVA,larva,12346,Wild animals,
Carling-2017-240c-28,28,,,Brazilian tortoise,12347,Wild animals,
Carling-2017-240c-29,29,1350,MONKEY,monkey,12348,Wild animals,
Carling-2017-240c-30,30,1793,BAT,bat,12349,Wild animals,
Carling-2017-240c-31,31,316,PACA,paca,12350,Wild animals,
Carling-2017-240c-32,32,436,WHITE-LIPPED PECCARY,white-lipped peccary,12351,Wild animals,
Carling-2017-240c-33,33,435,COLLARED PECCARY,collared peccary,12352,Wild animals,
Carling-2017-240c-34,34,1490,RAT,rat,12353,Wild animals,
Carling-2017-240c-35,35,1936,DEER,deer,12354,Wild animals,
Carling-2017-240c-36,36,313,AGOUTI,agouti,12355,Wild animals,
Carling-2017-240c-37,37,,,guan bird,12356,Wild animals,
Carling-2017-240c-38,38,309,OPOSSUM,opossum,12357,Wild animals,
Carling-2017-240c-39,39,,,tinamou bird,12358,Wild animals,
Carling-2017-240c-40,40,,,white-throated tinamou,12359,Wild animals,
Carling-2017-240c-41,41,937,BIRD,bird,12376,Wild animals,
Carling-2017-240c-42,42,1430,STAR,star,4012,Celestial bodies,
Carling-2017-240c-43,43,1343,SUN,sun,4013,Celestial bodies,
Carling-2017-240c-44,44,1313,MOON,moon,4014,Celestial bodies,
Carling-2017-240c-45,45,948,WATER,water (n),4015,Physical/natural world,
Carling-2017-240c-46,46,1228,EARTH (SOIL),"earth (soil, ground)",12137,Physical/natural world,
Carling-2017-240c-47,47,141,BURN (SOMETHING),to burn (tr.),12138,Physical/natural world,
Carling-2017-240c-48,48,906,TREE,tree,12207,Physical/natural world,
Carling-2017-240c-49,49,646,ASH,ash(es),12208,Physical/natural world,
Carling-2017-240c-50,50,778,SMOKE (EXHAUST),smoke (n),12209,Physical/natural world,
Carling-2017-240c-51,51,221,FIRE,fire,12210,Physical/natural world,
Carling-2017-240c-52,52,639,MOUNTAIN,mountain,12211,Physical/natural world,
Carling-2017-240c-53,53,,*SHORE OR BANK,"shore, bank",12212,Physical/natural world,
Carling-2017-240c-54,54,1474,SEA,sea,12213,Physical/natural world,
Carling-2017-240c-55,55,645,OCEAN,ocean,12214,Physical/natural world,
Carling-2017-240c-56,56,624,LAKE,lake,12215,Physical/natural world,
Carling-2017-240c-57,57,,*FLOWING BODY OF WATER,"river, stream, brook",12216,Physical/natural world,
Carling-2017-240c-58,58,420,FOREST,woods/forest,12217,Physical/natural world,
Carling-2017-240c-59,59,1188,CHARCOAL,charcoal,12218,Physical/natural world,
Carling-2017-240c-60,60,1300,COUNTRY,"country, land",12219,Physical/natural world,
Carling-2017-240c-61,61,623,LAGOON,lagoon,12220,Physical/natural world,
Carling-2017-240c-62,62,,*CLAY OR MUD,"clay, mud",12221,Physical/natural world,
Carling-2017-240c-63,63,1598,NORTH,north,12222,Physical/natural world,
Carling-2017-240c-64,64,1595,SOUTH,south,12223,Physical/natural world,
Carling-2017-240c-65,65,1877,EAST,east,12224,Physical/natural world,
Carling-2017-240c-66,66,1817,WEST,west,12225,Physical/natural world,
Carling-2017-240c-67,67,630,LIGHT (RADIATION),light (n),12226,Physical/natural world,
Carling-2017-240c-68,68,11,DARKNESS,darkness,12227,Physical/natural world,
Carling-2017-240c-69,69,943,WATERFALL,waterfall,12228,Physical/natural world,
Carling-2017-240c-70,70,1732,SKY,sky,12229,Physical/natural world,
Carling-2017-240c-71,71,960,WIND,wind,12230,Physical/natural world,
Carling-2017-240c-72,72,611,HARVEST,"harvest, crop",12140,Agriculture,
Carling-2017-240c-73,73,714,SEED,seed (n),12178,Agriculture,
Carling-2017-240c-74,74,212,FIELD,cultivated field,12179,Agriculture,
Carling-2017-240c-75,75,1541,CULTIVATE,to cultivate,12180,Agriculture,
Carling-2017-240c-76,76,748,SOW SEEDS,to sow,12181,Agriculture,
Carling-2017-240c-77,77,1927,BAMBOO,bamboo,12360,Wild plants,
Carling-2017-240c-78,78,,,açaí berry,12361,Wild plants,
Carling-2017-240c-79,79,,,moriche fruit,12362,Wild plants,
Carling-2017-240c-80,80,,,genipap fruit,12363,Wild plants,
Carling-2017-240c-81,81,239,FLOWER,flower,12364,Wild plants,
Carling-2017-240c-82,82,1507,FRUIT,fruit,12365,Wild plants,
Carling-2017-240c-83,83,,,patawa fruit,12366,Wild plants,
Carling-2017-240c-84,84,677,AXE,axe,12193,Hunting and fishing,
Carling-2017-240c-85,85,387,SLING,sling,12194,Hunting and fishing,
Carling-2017-240c-86,86,994,BOW,bow,12195,Hunting and fishing,
Carling-2017-240c-87,87,977,ARROW,arrow,12196,Hunting and fishing,
Carling-2017-240c-88,88,945,SPEAR,spear,12197,Hunting and fishing,
Carling-2017-240c-89,89,1074,FISHHOOK,fish-hook,12198,Hunting and fishing,
Carling-2017-240c-90,90,388,FISHNET,fish-net,12199,Hunting and fishing,
Carling-2017-240c-91,91,389,FISH TRAP,fish-trap,12200,Hunting and fishing,
Carling-2017-240c-92,92,1435,HUNT,to hunt,12201,Hunting and fishing,
Carling-2017-240c-93,93,1172,SHOOT,to shoot,12202,Hunting and fishing,
Carling-2017-240c-94,94,1763,CLUB,club,12203,Hunting and fishing,
Carling-2017-240c-95,95,1352,KNIFE,knife,12204,Hunting and fishing,
Carling-2017-240c-96,96,1594,FLOUR,flour,12231,Products,
Carling-2017-240c-97,97,1274,SALT,salt,12232,Products,
Carling-2017-240c-98,98,404,ALCOHOL (FERMENTED DRINK),fermented drink,12233,Products,
Carling-2017-240c-99,99,1462,POT,cooking vessel,12189,Food preparation,
Carling-2017-240c-100,100,225,PESTLE,"pestle, pounder",12190,Food preparation,
Carling-2017-240c-101,101,476,CUP,"cup, glass",12191,Food preparation,
Carling-2017-240c-102,102,1462,POT,pot,12192,Food preparation,
Carling-2017-240c-103,103,1539,BASKET,basket,12182,Artefacts,
Carling-2017-240c-104,104,,,bag to keep feathers in,12183,Artefacts,
Carling-2017-240c-105,105,1475,COMB,comb,12184,Artefacts,
Carling-2017-240c-106,106,1002,STATUE,statue,12185,Artefacts,
Carling-2017-240c-107,107,1296,WALKING STICK,walking stick,12187,Artefacts,
Carling-2017-240c-108,108,1462,POT,pot,12188,Artefacts,
Carling-2017-240c-109,109,1358,ENEMY,enemy,12156,Social roles and positions,
Carling-2017-240c-110,110,1072,PRISONER,"captive, prisoner",12157,Social roles and positions,
Carling-2017-240c-111,111,930,VILLAGE,village,12252,Social roles and positions,
Carling-2017-240c-112,112,789,PEOPLE,people,12253,Social roles and positions,
Carling-2017-240c-113,113,302,CLAN,"tribe, clan",12254,Social roles and positions,
Carling-2017-240c-114,114,301,CHIEFTAIN,tribal chief,12255,Social roles and positions,
Carling-2017-240c-115,115,1325,FRIEND,friend,12256,Social roles and positions,
Carling-2017-240c-116,116,382,GOVERN,to govern,12257,Social roles and positions,
Carling-2017-240c-117,117,1508,KING,"king, governor",12258,Social roles and positions,
Carling-2017-240c-118,118,1306,QUEEN,queen,12259,Social roles and positions,
Carling-2017-240c-119,119,,,"lord, boss, proprietor",12260,Social roles and positions,
Carling-2017-240c-120,120,812,SLAVE,slave,12261,Social roles and positions,
Carling-2017-240c-121,121,255,SERVANT,servant,12262,Social roles and positions,
Carling-2017-240c-122,122,384,FREEMAN,free man,12263,Social roles and positions,
Carling-2017-240c-123,123,1128,ORDER,"to order, to command",12264,Social roles and positions,
Carling-2017-240c-124,124,1128,ORDER,to give order,12265,Social roles and positions,
Carling-2017-240c-125,125,1635,OBEY,to obey,12266,Social roles and positions,
Carling-2017-240c-126,126,1369,GOLD,gold,12205,Metals,
Carling-2017-240c-127,127,759,SILVER,silver,12206,Metals,
Carling-2017-240c-128,128,386,BATTLE-AXE,battle-axe,12160,Warfare,
Carling-2017-240c-129,129,579,BATTLE,battle,12161,Warfare,
Carling-2017-240c-130,130,994,BOW,bow,12162,Warfare,
Carling-2017-240c-131,131,977,ARROW,arrow,12163,Warfare,
Carling-2017-240c-132,132,945,SPEAR,spear,12164,Warfare,
Carling-2017-240c-133,133,1172,SHOOT,to shoot,12165,Warfare,
Carling-2017-240c-134,134,1763,CLUB,club,12166,Warfare,
Carling-2017-240c-135,135,1417,KILL,to kill,12326,Warfare,
Carling-2017-240c-136,136,1358,ENEMY,enemy,12327,Warfare,
Carling-2017-240c-137,137,1423,FIGHT,to fight,12328,Warfare,
Carling-2017-240c-138,138,935,WAR,war,12329,Warfare,
Carling-2017-240c-139,139,1338,PEACE,peace,12330,Warfare,
Carling-2017-240c-140,140,1561,ARMY,army,12331,Warfare,
Carling-2017-240c-141,141,783,VICTORY,victory,12332,Warfare,
Carling-2017-240c-142,142,782,DEFEAT,defeat (n),12333,Warfare,
Carling-2017-240c-143,143,722,ATTACK,to attack,12334,Warfare,
Carling-2017-240c-144,144,1330,DEFEND,to defend,12335,Warfare,
Carling-2017-240c-145,145,1072,PRISONER,"captive, prisoner",12336,Warfare,
Carling-2017-240c-146,146,65,AMBUSH,ambush (n),12337,Warfare,
Carling-2017-240c-147,147,,,trumpeter bird (watchbird),12338,Warfare,
Carling-2017-240c-148,148,,*POINT (POINTED END),arrow tip,12339,Warfare,
Carling-2017-240c-149,149,1343,SUN,sun,12152,Religion,
Carling-2017-240c-150,150,1313,MOON,moon,12153,Religion,
Carling-2017-240c-151,151,946,BLOOD,blood (n),12234,Religion,
Carling-2017-240c-152,152,1669,ANCESTORS,ancestors,12235,Religion,
Carling-2017-240c-153,153,490,DESCENDANTS,descendants,12236,Religion,
Carling-2017-240c-154,154,1689,SMOKE (INHALE),to smoke,12237,Religion,
Carling-2017-240c-155,155,1124,PIPE,pipe,12238,Religion,
Carling-2017-240c-156,156,777,FLUTE,flute,12239,Religion,
Carling-2017-240c-157,157,2136,BRASS INSTRUMENT (HORN OR TRUMPET),"horn, trumpet",12240,Religion,
Carling-2017-240c-158,158,24,PRAY,to pray,12241,Religion,
Carling-2017-240c-159,159,1973,DEMON,demon,12242,Religion,
Carling-2017-240c-160,160,1175,GHOST,ghost,12243,Religion,
Carling-2017-240c-161,161,908,DRUM,drum,12244,Religion,
Carling-2017-240c-162,162,661,RELIGION,religion,12245,Religion,
Carling-2017-240c-163,163,1944,GOD,God,12246,Religion,
Carling-2017-240c-164,164,1103,SACRIFICE,"sacrifice, offering",12247,Religion,
Carling-2017-240c-165,165,852,PRIEST,priest,12248,Religion,
Carling-2017-240c-166,166,304,PREACH,to preach,12249,Religion,
Carling-2017-240c-167,167,212,FIELD,cultivated field,12154,Settlement,
Carling-2017-240c-168,168,930,VILLAGE,village,12155,Settlement,
Carling-2017-240c-169,169,736,YARD,"yard, court",12250,Settlement,
Carling-2017-240c-170,170,586,GARDEN,garden,12251,Settlement,
Carling-2017-240c-171,171,1231,NEW,new,12158,Time,
Carling-2017-240c-172,172,1207,YOUNG,young,12159,Time,
Carling-2017-240c-173,173,892,TIME,time,12267,Time,
Carling-2017-240c-174,174,1789,AGE,age,12268,Time,
Carling-2017-240c-175,175,1229,OLD,old,12269,Time,
Carling-2017-240c-176,176,672,EARLY,early,12270,Time,
Carling-2017-240c-177,177,477,LATE,late,12271,Time,
Carling-2017-240c-178,178,452,DRY SEASON,dry season,12272,Time,
Carling-2017-240c-179,179,453,RAINY SEASON,rainy season,12273,Time,
Carling-2017-240c-180,180,1376,NOW,now,12274,Time,
Carling-2017-240c-181,181,1963,IMMEDIATELY,immediately,12275,Time,
Carling-2017-240c-182,182,1631,FAST,quick,12276,Time,
Carling-2017-240c-183,183,701,SLOW,slow,12277,Time,
Carling-2017-240c-184,184,754,HURRY,to hurry,12278,Time,
Carling-2017-240c-185,185,425,BE LATE,to delay,12279,Time,
Carling-2017-240c-186,186,1806,BEGIN,to begin,12280,Time,
Carling-2017-240c-187,187,1186,LAST (ENDURE),to last,12281,Time,
Carling-2017-240c-188,188,743,END (OF TIME),end (n),12282,Time,
Carling-2017-240c-189,189,1766,FINISH,"to complete, to finish",12283,Time,
Carling-2017-240c-190,190,1928,CEASE,"to stop, to cease",12284,Time,
Carling-2017-240c-191,191,790,READY,ready,12285,Time,
Carling-2017-240c-192,192,1676,ALWAYS,always,12286,Time,
Carling-2017-240c-193,193,1852,OFTEN,"often, frequently",12287,Time,
Carling-2017-240c-194,194,1544,SOMETIMES,sometimes,12288,Time,
Carling-2017-240c-195,195,703,SOON,soon,12289,Time,
Carling-2017-240c-196,196,418,FOR A LONG TIME,for a long time,12290,Time,
Carling-2017-240c-197,197,1656,NEVER,never,12291,Time,
Carling-2017-240c-198,198,204,AGAIN,again,12292,Time,
Carling-2017-240c-199,199,1225,DAY (NOT NIGHT),day,12293,Time,
Carling-2017-240c-200,200,729,DAWN,dawn,12294,Time,
Carling-2017-240c-201,201,1339,MORNING,morning,12295,Time,
Carling-2017-240c-202,202,12,MIDDAY,noon,12296,Time,
Carling-2017-240c-203,203,1807,AFTERNOON,afternoon,12297,Time,
Carling-2017-240c-204,204,1233,NIGHT,"night, late afternoon",12298,Time,
Carling-2017-240c-205,205,1283,TODAY,today,12299,Time,
Carling-2017-240c-206,206,1329,TOMORROW,tomorrow,12300,Time,
Carling-2017-240c-207,207,1179,DAY AFTER TOMORROW,day after tomorrow,12301,Time,
Carling-2017-240c-208,208,1174,YESTERDAY,yesterday,12302,Time,
Carling-2017-240c-209,209,1180,DAY BEFORE YESTERDAY,day before yesterday,12303,Time,
Carling-2017-240c-210,210,1353,HOUR,hour,12304,Time,
Carling-2017-240c-211,211,1323,CLOCK,"watch, clock",12305,Time,
Carling-2017-240c-212,212,1469,WEEK,week,12306,Time,
Carling-2017-240c-213,213,1699,SUNDAY,Sunday,12307,Time,
Carling-2017-240c-214,214,1697,MONDAY,Monday,12308,Time,
Carling-2017-240c-215,215,1695,TUESDAY,Tuesday,12309,Time,
Carling-2017-240c-216,216,1694,WEDNESDAY,Wednesday,12310,Time,
Carling-2017-240c-217,217,1693,THURSDAY,Thursday,12311,Time,
Carling-2017-240c-218,218,1692,FRIDAY,Friday,12312,Time,
Carling-2017-240c-219,219,1700,SATURDAY,Saturday,12313,Time,
Carling-2017-240c-220,220,1370,MONTH,month,12314,Time,
Carling-2017-240c-221,221,1226,YEAR,year,12315,Time,
Carling-2017-240c-222,222,1471,WINTER,winter,12316,Time,
Carling-2017-240c-223,223,1537,SPRINGTIME,spring,12317,Time,
Carling-2017-240c-224,224,1342,SUMMER,summer,12318,Time,
Carling-2017-240c-225,225,1276,AUTUMN,autumn,12319,Time,
Carling-2017-240c-226,226,691,SEASON,season,12320,Time,
Carling-2017-240c-227,227,1882,BEFORE,before,12321,Time,
Carling-2017-240c-228,228,1685,AFTER,after,12322,Time,
Carling-2017-240c-229,229,,*SHORT (TIME),"short, brief",12323,Time,
Carling-2017-240c-230,230,1961,NECKLACE,necklace,12167,Adornments,
Carling-2017-240c-231,231,,,waist band,12168,Adornments,
Carling-2017-240c-232,232,,,agouti tooth,12371,Adornments,(used for making necklaces)
Carling-2017-240c-233,233,,,coconut bead,12372,Adornments,(used for making necklaces)
Carling-2017-240c-234,234,284,HOE,hoe,12176,Agricultural tools,
Carling-2017-240c-235,235,341,SICKLE,sickle,12177,Agricultural tools,
Carling-2017-240c-236,236,,,amburana tree,12324,Trees,
Carling-2017-240c-237,237,,,araguaney tree,12325,Trees,
Carling-2017-240c-238,238,147,COCONUT TREE,coconut tree,12367,Trees,
Carling-2017-240c-239,239,,,walking palm,12368,Trees,
Carling-2017-240c-240,240,,,peach palm,12369,Trees,
Carling-2017-87f-1,1,1008,BULL,bull,6001,Farm animals,
Carling-2017-87f-2,2,1007,COW,cow,6002,Farm animals,
Carling-2017-87f-3,3,1169,OX,ox,6003,Farm animals,
Carling-2017-87f-4,4,1153,CATTLE,cattle,6004,Farm animals,(collective term)
Carling-2017-87f-5,5,615,HORSE,horse,6005,Farm animals,
Carling-2017-87f-6,6,1862,DONKEY,donkey,6006,Farm animals,
Carling-2017-87f-7,7,1331,SHEEP,sheep,6007,Farm animals,(collective term)
Carling-2017-87f-8,8,1344,RAM,ram,6008,Farm animals,
Carling-2017-87f-9,9,820,LAMB,lamb,6009,Farm animals,
Carling-2017-87f-10,10,1502,GOAT,goat,6010,Farm animals,
Carling-2017-87f-11,11,1337,PIG,pig,6011,Farm animals,
Carling-2017-87f-12,12,2564,PIGLET,piglet,6012,Farm animals,
Carling-2017-87f-13,13,1514,HEN,hen,6013,Farm animals,
Carling-2017-87f-14,14,1511,ROOSTER,rooster,6014,Farm animals,
Carling-2017-87f-15,15,1318,CHICKEN,chicken,6015,Farm animals,
Carling-2017-87f-16,16,1360,DUCK,duck,6016,Farm animals,
Carling-2017-87f-17,17,2009,DOG,dog,6017,Farm animals,
Carling-2017-87f-18,18,1208,CAT,cat,6018,Farm animals,
Carling-2017-87f-19,19,665,BEE,bee,6019,Farm animals,
Carling-2017-87f-20,20,522,WOLF,wolf,6020,Wild animals,
Carling-2017-87f-21,21,1820,BEAR,bear,6021,Wild animals,
Carling-2017-87f-22,22,3154,WILD BOAR,wild pig,6022,Wild animals,
Carling-2017-87f-23,23,1139,LEOPARD,leopard,6023,Wild animals,
Carling-2017-87f-24,24,1386,LION,lion,6025,Wild animals,
Carling-2017-87f-25,25,1312,FOX,fox,6026,Wild animals,
Carling-2017-87f-26,26,,*JACKAL,jackal,6027,Wild animals,
Carling-2017-87f-27,27,3142,BISON,bison,6028,Wild animals,
Carling-2017-87f-28,28,2345,LEPORID (RABBIT OR HARE),hare / rabbit,6029,Wild animals,
Carling-2017-87f-29,29,730,SNAKE,snake,6030,Wild animals,
Carling-2017-87f-30,30,2543,RAVEN,raven,6031,Wild animals,
Carling-2017-87f-31,31,1905,EAGLE,eagle,6032,Wild animals,
Carling-2017-87f-32,32,964,WOOL,wool,6033,Products,
Carling-2017-87f-33,33,580,FUR,fur,6034,Products,
Carling-2017-87f-34,34,942,HONEY,honey,6035,Products,
Carling-2017-87f-35,35,635,MILK,milk,6036,Products,
Carling-2017-87f-36,36,1274,SALT,salt,6037,Products,
Carling-2017-87f-37,37,1524,WINE,wine,6038,Products,
Carling-2017-87f-38,38,941,MEAD,mead,6039,Products,(i.e. based on honey)
Carling-2017-87f-39,39,,*HOPS,hops,6040,Products,(Swe. humle)
Carling-2017-87f-40,40,1931,BEESWAX,beeswax,6041,Products,
Carling-2017-87f-41,41,634,MEAT,meat,6042,Products,
Carling-2017-87f-42,42,323,FAT (ORGANIC SUBSTANCE),grease,6043,Products,
Carling-2017-87f-43,43,133,WEAVE,to weave,6044,Activities,
Carling-2017-87f-44,44,121,SPIN,to spin (thread),6045,Activities,
Carling-2017-87f-45,45,1457,SEW,to sew,6046,Activities,
Carling-2017-87f-46,46,1921,PLOUGH,to plough,6047,Activities,
Carling-2017-87f-47,47,748,SOW SEEDS,to sow,6048,Activities,
Carling-2017-87f-48,48,1077,WHEAT,wheat,6049,Crops & fruit,
Carling-2017-87f-49,49,932,BARLEY,barley,6050,Crops & fruit,
Carling-2017-87f-50,50,23,RYE,rye,6051,Crops & fruit,
Carling-2017-87f-51,51,60,OAT,oats,6052,Crops & fruit,
Carling-2017-87f-52,52,605,GRAIN,grain (generic),6053,Crops & fruit,
Carling-2017-87f-53,53,3062,TURNIP,turnip,6054,Crops & fruit,
Carling-2017-87f-54,54,1320,APPLE,apple,6055,Crops & fruit,
Carling-2017-87f-55,55,920,GRAPE,grape,6056,Crops & fruit,
Carling-2017-87f-56,56,,*FLAX,flax,6057,Crops & fruit,
Carling-2017-87f-57,57,20,SCYTHE,scythe,6058,Agricultural tools etc.,
Carling-2017-87f-58,58,341,SICKLE,sickle,6059,Agricultural tools etc.,
Carling-2017-87f-59,59,1176,SPADE,spade,6060,Agricultural tools etc.,
Carling-2017-87f-60,60,2154,PLOUGH (INSTRUMENT),plough,6061,Agricultural tools etc.,
Carling-2017-87f-61,61,1948,SAW,saw,6062,Agricultural tools etc.,
Carling-2017-87f-62,62,677,AXE,axe,6063,Agricultural tools etc.,
Carling-2017-87f-63,63,14,YOKE,yoke,6064,Agricultural tools etc.,
Carling-2017-87f-64,64,959,WAGON,wagon,6065,Agricultural tools etc.,
Carling-2017-87f-65,65,710,WHEEL,wheel,6066,Agricultural tools etc.,
Carling-2017-87f-66,66,212,FIELD,cultivated field,6067,Agricultural tools etc.,
Carling-2017-87f-67,67,649,PASTURE,pasture,6068,Agricultural tools etc.,
Carling-2017-87f-68,68,1462,POT,(ceramic) pot,6069,Agricultural tools etc.,
Carling-2017-87f-69,69,1342,SUMMER,summer,6070,Seasons,
Carling-2017-87f-70,70,,*AUTUMN OR HARVEST SEASON,autumn / harvest,6071,Seasons,
Carling-2017-87f-71,71,1471,WINTER,winter,6072,Seasons,
Carling-2017-87f-72,72,1537,SPRINGTIME,spring,6073,Seasons,
Carling-2017-87f-73,73,1825,COPPER,copper,6074,Metals & materials,
Carling-2017-87f-74,74,621,IRON,iron,6075,Metals & materials,
Carling-2017-87f-75,75,759,SILVER,silver,6076,Metals & materials,
Carling-2017-87f-76,76,1369,GOLD,gold,6077,Metals & materials,
Carling-2017-87f-77,77,1803,WOOD,wood,6078,Metals & materials,
Carling-2017-87f-78,78,857,STONE,stone,6079,Metals & materials,
Carling-2017-87f-79,79,629,LEATHER,leather,6080,Metals & materials,
Carling-2017-87f-80,80,945,SPEAR,spear,6081,Weapons etc.,
Carling-2017-87f-81,81,994,BOW,bow,6082,Weapons etc.,
Carling-2017-87f-82,82,977,ARROW,arrow,6083,Weapons etc.,
Carling-2017-87f-83,83,1535,SWORD,sword,6084,Weapons etc.,
Carling-2017-87f-84,84,1352,KNIFE,knife,6085,Weapons etc.,
Carling-2017-87f-85,85,1064,SHIELD,shield,6086,Weapons etc.,
Carling-2017-87f-86,86,1561,ARMY,army,6087,Weapons etc.,
Carling-2017-87f-87,87,386,BATTLE-AXE,battle axe,6088,Weapons etc.,
Carling-2017-87k-1,1,1921,PLOUGH,to plough,12573,Activities,
Carling-2017-87k-2,2,1457,SEW,to sew,12574,Activities,
Carling-2017-87k-3,3,748,SOW SEEDS,to sow,12575,Activities,
Carling-2017-87k-4,4,121,SPIN,to spin (thread),12576,Activities,
Carling-2017-87k-5,5,133,WEAVE,to weave,12577,Activities,
Carling-2017-87k-6,6,677,AXE,axe,12578,Agricultural tools etc.,
Carling-2017-87k-7,7,212,FIELD,cultivated field,12580,Agricultural tools etc.,
Carling-2017-87k-8,8,2154,PLOUGH (INSTRUMENT),plough,12583,Agricultural tools etc.,
Carling-2017-87k-9,9,1948,SAW,saw,12584,Agricultural tools etc.,
Carling-2017-87k-10,10,20,SCYTHE,scythe,12585,Agricultural tools etc.,
Carling-2017-87k-11,11,341,SICKLE,sickle,12586,Agricultural tools etc.,
Carling-2017-87k-12,12,1176,SPADE,spade,12587,Agricultural tools etc.,
Carling-2017-87k-13,13,959,WAGON,wagon,12588,Agricultural tools etc.,
Carling-2017-87k-14,14,710,WHEEL,wheel,12589,Agricultural tools etc.,
Carling-2017-87k-15,15,14,YOKE,yoke,12590,Agricultural tools etc.,
Carling-2017-87k-16,16,1462,POT,(ceramic) pot,12671,Agricultural tools etc.,
Carling-2017-87k-17,17,649,PASTURE,pasture,12672,Agricultural tools etc.,
Carling-2017-87k-18,18,1320,APPLE,apple,12591,Crops & fruit,
Carling-2017-87k-19,19,932,BARLEY,barley,12592,Crops & fruit,
Carling-2017-87k-20,20,,*FLAX,flax,12593,Crops & fruit,
Carling-2017-87k-21,21,605,GRAIN,grain (generic),12594,Crops & fruit,
Carling-2017-87k-22,22,920,GRAPE,grape,12595,Crops & fruit,
Carling-2017-87k-23,23,60,OAT,oats,12597,Crops & fruit,
Carling-2017-87k-24,24,23,RYE,rye,12598,Crops & fruit,
Carling-2017-87k-25,25,3062,TURNIP,turnip,12599,Crops & fruit,
Carling-2017-87k-26,26,1077,WHEAT,wheat,12600,Crops & fruit,
Carling-2017-87k-27,27,665,BEE,bee,12601,Farm animals,
Carling-2017-87k-28,28,1008,BULL,bull,12602,Farm animals,
Carling-2017-87k-29,29,1208,CAT,cat,12604,Farm animals,
Carling-2017-87k-30,30,1153,CATTLE,cattle,12605,Farm animals,
Carling-2017-87k-31,31,1318,CHICKEN,chicken,12606,Farm animals,
Carling-2017-87k-32,32,1007,COW,cow,12608,Farm animals,
Carling-2017-87k-33,33,2009,DOG,dog,12609,Farm animals,
Carling-2017-87k-34,34,1862,DONKEY,donkey,12610,Farm animals,
Carling-2017-87k-35,35,1360,DUCK,duck,12611,Farm animals,
Carling-2017-87k-36,36,1502,GOAT,goat,12612,Farm animals,
Carling-2017-87k-37,37,1514,HEN,hen,12613,Farm animals,
Carling-2017-87k-38,38,615,HORSE,horse,12614,Farm animals,
Carling-2017-87k-39,39,820,LAMB,lamb,12616,Farm animals,
Carling-2017-87k-40,40,1169,OX,ox,12617,Farm animals,
Carling-2017-87k-41,41,1337,PIG,pig,12618,Farm animals,
Carling-2017-87k-42,42,2564,PIGLET,piglet,12619,Farm animals,
Carling-2017-87k-43,43,1344,RAM,ram,12620,Farm animals,
Carling-2017-87k-44,44,1511,ROOSTER,rooster,12621,Farm animals,
Carling-2017-87k-45,45,1331,SHEEP,sheep,12622,Farm animals,
Carling-2017-87k-46,46,1825,COPPER,copper,12623,Metals & materials,
Carling-2017-87k-47,47,1369,GOLD,gold,12624,Metals & materials,
Carling-2017-87k-48,48,621,IRON,iron,12625,Metals & materials,
Carling-2017-87k-49,49,629,LEATHER,leather,12626,Metals & materials,
Carling-2017-87k-50,50,759,SILVER,silver,12627,Metals & materials,
Carling-2017-87k-51,51,857,STONE,stone,12628,Metals & materials,
Carling-2017-87k-52,52,1803,WOOD,wood,12629,Metals & materials,
Carling-2017-87k-53,53,580,FUR,fur,12630,Products,
Carling-2017-87k-54,54,323,FAT (ORGANIC SUBSTANCE),grease,12631,Products,
Carling-2017-87k-55,55,942,HONEY,honey,12632,Products,
Carling-2017-87k-56,56,941,MEAD,mead,12633,Products,
Carling-2017-87k-57,57,634,MEAT,meat,12634,Products,
Carling-2017-87k-58,58,635,MILK,milk,12635,Products,
Carling-2017-87k-59,59,1274,SALT,salt,12636,Products,
Carling-2017-87k-60,60,1931,BEESWAX,beeswax,12637,Products,
Carling-2017-87k-61,61,1524,WINE,wine,12638,Products,
Carling-2017-87k-62,62,964,WOOL,wool,12639,Products,
Carling-2017-87k-63,63,,*HOPS,hops,12673,Products,
Carling-2017-87k-64,64,,*AUTUMN OR HARVEST SEASON,autumn / harvest,12640,Seasons,
Carling-2017-87k-65,65,1537,SPRINGTIME,spring,12642,Seasons,
Carling-2017-87k-66,66,1342,SUMMER,summer,12643,Seasons,
Carling-2017-87k-67,67,1471,WINTER,winter,12644,Seasons,
Carling-2017-87k-68,68,977,ARROW,arrow,12650,Weapons etc.,
Carling-2017-87k-69,69,994,BOW,bow,12651,Weapons etc.,
Carling-2017-87k-70,70,1352,KNIFE,knife,12652,Weapons etc.,
Carling-2017-87k-71,71,945,SPEAR,spear,12653,Weapons etc.,
Carling-2017-87k-72,72,1535,SWORD,sword,12654,Weapons etc.,
Carling-2017-87k-73,73,1561,ARMY,army,12674,Weapons etc.,
Carling-2017-87k-74,74,386,BATTLE-AXE,battle axe,12675,Weapons etc.,
Carling-2017-87k-75,75,1064,SHIELD,shield,12676,Weapons etc.,
Carling-2017-87k-76,76,1820,BEAR,bear,12655,Wild animals,
Carling-2017-87k-77,77,3142,BISON,bison,12656,Wild animals,
Carling-2017-87k-78,78,1905,EAGLE,eagle,12658,Wild animals,
Carling-2017-87k-79,79,1312,FOX,fox,12659,Wild animals,
Carling-2017-87k-80,80,2345,LEPORID (RABBIT OR HARE),hare / rabbit,12660,Wild animals,
Carling-2017-87k-81,81,,*JACKAL,jackal,12661,Wild animals,
Carling-2017-87k-82,82,1139,LEOPARD,leopard,12662,Wild animals,
Carling-2017-87k-83,83,1386,LION,lion,12663,Wild animals,
Carling-2017-87k-84,84,2543,RAVEN,raven,12667,Wild animals,
Carling-2017-87k-85,85,730,SNAKE,snake,12668,Wild animals,
Carling-2017-87k-86,86,3154,WILD BOAR,wild pig,12669,Wild animals,
Carling-2017-87k-87,87,522,WOLF,wolf,12670,Wild animals,
Carling-2017-97d-1,1,665,BEE,bee,3009,Farm animals,
Carling-2017-97d-2,2,1008,BULL,bull,3012,Farm animals,
Carling-2017-97d-3,3,1989,CALF,calf,3013,Farm animals,
Carling-2017-97d-4,4,1208,CAT,cat,3014,Farm animals,
Carling-2017-97d-5,5,1153,CATTLE,cattle,3015,Farm animals,
Carling-2017-97d-6,6,1318,CHICKEN,chicken,3016,Farm animals,
Carling-2017-97d-7,7,1007,COW,cow,3018,Farm animals,
Carling-2017-97d-8,8,2009,DOG,dog,3021,Farm animals,
Carling-2017-97d-9,9,1862,DONKEY,donkey,3022,Farm animals,
Carling-2017-97d-10,10,1360,DUCK,duck,3023,Farm animals,
Carling-2017-97d-11,11,1502,GOAT,goat,3030,Farm animals,
Carling-2017-97d-12,12,1514,HEN,hen,3037,Farm animals,
Carling-2017-97d-13,13,615,HORSE,horse,3040,Farm animals,
Carling-2017-97d-14,14,1972,KID,kid,3044,Farm animals,
Carling-2017-97d-15,15,820,LAMB,lamb,3046,Farm animals,
Carling-2017-97d-16,16,1169,OX,ox,3056,Farm animals,
Carling-2017-97d-17,17,1337,PIG,pig,3058,Farm animals,
Carling-2017-97d-18,18,2564,PIGLET,piglet,3059,Farm animals,
Carling-2017-97d-19,19,1344,RAM,ram,3063,Farm animals,
Carling-2017-97d-20,20,1511,ROOSTER,rooster,3065,Farm animals,
Carling-2017-97d-21,21,1331,SHEEP,sheep,3071,Farm animals,
Carling-2017-97d-22,22,1820,BEAR,bear,3008,Wild animals,
Carling-2017-97d-23,23,3142,BISON,bison,3010,Wild animals,
Carling-2017-97d-24,24,1936,DEER,deer,3020,Wild animals,
Carling-2017-97d-25,25,1905,EAGLE,eagle,3024,Wild animals,
Carling-2017-97d-26,26,1312,FOX,fox,3027,Wild animals,
Carling-2017-97d-27,27,1190,HARE,hare,3035,Wild animals,
Carling-2017-97d-28,28,,*JACKAL,jackal,3043,Wild animals,
Carling-2017-97d-29,29,1139,LEOPARD,leopard,3048,Wild animals,
Carling-2017-97d-30,30,1386,LION,lion,3049,Wild animals,
Carling-2017-97d-31,31,,*LYNX,lynx,3050,Wild animals,
Carling-2017-97d-32,32,735,OWL,owl,3055,Wild animals,
Carling-2017-97d-33,33,1136,RABBIT,rabbit,3062,Wild animals,
Carling-2017-97d-34,34,2543,RAVEN,raven,3064,Wild animals,
Carling-2017-97d-35,35,730,SNAKE,snake,3074,Wild animals,
Carling-2017-97d-36,36,3154,WILD BOAR,wild boar,3089,Wild animals,
Carling-2017-97d-37,37,522,WOLF,wolf,3092,Wild animals,
Carling-2017-97d-38,38,580,FUR,fur,3028,Products,
Carling-2017-97d-39,39,323,FAT (ORGANIC SUBSTANCE),grease,3034,Products,
Carling-2017-97d-40,40,942,HONEY,honey,3038,Products,
Carling-2017-97d-41,41,941,MEAD,mead,3051,Products,
Carling-2017-97d-42,42,634,MEAT,meat,3052,Products,
Carling-2017-97d-43,43,635,MILK,milk,3053,Products,
Carling-2017-97d-44,44,1274,SALT,salt,3067,Products,
Carling-2017-97d-45,45,1931,BEESWAX,wax (bees),3085,Products,
Carling-2017-97d-46,46,1524,WINE,wine,3090,Products,
Carling-2017-97d-47,47,964,WOOL,wool,3094,Products,
Carling-2017-97d-48,48,1921,PLOUGH,to plough,3061,Activities,
Carling-2017-97d-49,49,1457,SEW,to sew,3070,Activities,
Carling-2017-97d-50,50,748,SOW SEEDS,to sow,3075,Activities,
Carling-2017-97d-51,51,121,SPIN,to spin (thread),3078,Activities,
Carling-2017-97d-52,52,133,WEAVE,to weave,3086,Activities,
Carling-2017-97d-53,53,1320,APPLE,apple,3002,Crops & fruit,
Carling-2017-97d-54,54,932,BARLEY,barley,3007,Crops & fruit,
Carling-2017-97d-55,55,,*FLAX,flax,3026,Crops & fruit,
Carling-2017-97d-56,56,605,GRAIN,grain (generic),3032,Crops & fruit,
Carling-2017-97d-57,57,920,GRAPE,grape,3033,Crops & fruit,
Carling-2017-97d-58,58,,*HOPS,hops,3039,Crops & fruit,
Carling-2017-97d-59,59,60,OAT,oats,3054,Crops & fruit,
Carling-2017-97d-60,60,23,RYE,rye,3066,Crops & fruit,
Carling-2017-97d-61,61,3062,TURNIP,turnip,3083,Crops & fruit,
Carling-2017-97d-62,62,1077,WHEAT,wheat,3087,Crops & fruit,
Carling-2017-97d-63,63,677,AXE,axe,3005,Agricultural tools etc.,
Carling-2017-97d-64,64,1769,AXLE,axle,3006,Agricultural tools etc.,
Carling-2017-97d-65,65,212,FIELD,cultivated field,3019,Agricultural tools etc.,
Carling-2017-97d-66,66,1794,FURROW,furrow,3029,Agricultural tools etc.,
Carling-2017-97d-67,67,,,hub,3041,Agricultural tools etc.,
Carling-2017-97d-68,68,2154,PLOUGH (INSTRUMENT),plough (noun),3060,Agricultural tools etc.,
Carling-2017-97d-69,69,1948,SAW,saw,3068,Agricultural tools etc.,
Carling-2017-97d-70,70,20,SCYTHE,scythe,3069,Agricultural tools etc.,
Carling-2017-97d-71,71,341,SICKLE,sickle,3072,Agricultural tools etc.,
Carling-2017-97d-72,72,1176,SPADE,spade,3076,Agricultural tools etc.,
Carling-2017-97d-73,73,959,WAGON,wagon,3084,Agricultural tools etc.,
Carling-2017-97d-74,74,710,WHEEL,wheel,3088,Agricultural tools etc.,
Carling-2017-97d-75,75,14,YOKE,yoke,3096,Agricultural tools etc.,
Carling-2017-97d-76,76,1276,AUTUMN,autumn,3004,Seasons,
Carling-2017-97d-77,77,611,HARVEST,harvest,3036,Seasons,
Carling-2017-97d-78,78,1537,SPRINGTIME,spring,3079,Seasons,
Carling-2017-97d-79,79,1342,SUMMER,summer,3081,Seasons,
Carling-2017-97d-80,80,1471,WINTER,winter,3091,Seasons,
Carling-2017-97d-81,81,1825,COPPER,copper,3017,Metals & materials,
Carling-2017-97d-82,82,1369,GOLD,gold,3031,Metals & materials,
Carling-2017-97d-83,83,621,IRON,iron,3042,Metals & materials,
Carling-2017-97d-84,84,629,LEATHER,leather,3047,Metals & materials,
Carling-2017-97d-85,85,759,SILVER,silver,3073,Metals & materials,
Carling-2017-97d-86,86,857,STONE,stone,3080,Metals & materials,
Carling-2017-97d-87,87,1803,WOOD,wood,3093,Metals & materials,
Carling-2017-97d-88,88,977,ARROW,arrow,3003,Weapons etc.,
Carling-2017-97d-89,89,994,BOW,bow,3011,Weapons etc.,
Carling-2017-97d-90,90,1352,KNIFE,knife,3045,Weapons etc.,
Carling-2017-97d-91,91,945,SPEAR,spear,3077,Weapons etc.,
Carling-2017-97d-92,92,1535,SWORD,sword,3082,Weapons etc.,
Carling-2017-97d-93,93,1855,BIRCH,birch,12130,Trees,
Carling-2017-97d-94,94,644,OAK,oak,12131,Trees,
Carling-2017-97d-95,95,646,ASH,ash,12132,Trees,
Carling-2017-97d-96,96,,*ELM,elm,12133,Trees,
Carling-2017-97d-97,97,1950,BEECH,beech,12135,Trees,
Carling-2017-97i-1,1,1921,PLOUGH,to plough,12378,Activities,
Carling-2017-97i-2,2,1457,SEW,to sew,12379,Activities,
Carling-2017-97i-3,3,748,SOW SEEDS,to sow,12380,Activities,
Carling-2017-97i-4,4,121,SPIN,to spin (thread),12381,Activities,
Carling-2017-97i-5,5,133,WEAVE,to weave,12382,Activities,
Carling-2017-97i-6,6,677,AXE,axe,12383,Agricultural tools etc.,
Carling-2017-97i-7,7,1769,AXLE,axle,12384,Agricultural tools etc.,
Carling-2017-97i-8,8,212,FIELD,cultivated field,12385,Agricultural tools etc.,
Carling-2017-97i-9,9,1794,FURROW,furrow,12386,Agricultural tools etc.,
Carling-2017-97i-10,10,,,hub,12387,Agricultural tools etc.,
Carling-2017-97i-11,11,2154,PLOUGH (INSTRUMENT),plough (noun),12388,Agricultural tools etc.,
Carling-2017-97i-12,12,1948,SAW,saw,12389,Agricultural tools etc.,
Carling-2017-97i-13,13,20,SCYTHE,scythe,12390,Agricultural tools etc.,
Carling-2017-97i-14,14,341,SICKLE,sickle,12391,Agricultural tools etc.,
Carling-2017-97i-15,15,1176,SPADE,spade,12392,Agricultural tools etc.,
Carling-2017-97i-16,16,959,WAGON,wagon,12393,Agricultural tools etc.,
Carling-2017-97i-17,17,710,WHEEL,wheel,12394,Agricultural tools etc.,
Carling-2017-97i-18,18,14,YOKE,yoke,12395,Agricultural tools etc.,
Carling-2017-97i-19,19,1320,APPLE,apple,12396,Crops & fruit,
Carling-2017-97i-20,20,932,BARLEY,barley,12397,Crops & fruit,
Carling-2017-97i-21,21,,*FLAX,flax,12398,Crops & fruit,
Carling-2017-97i-22,22,605,GRAIN,grain (generic),12399,Crops & fruit,
Carling-2017-97i-23,23,920,GRAPE,grape,12400,Crops & fruit,
Carling-2017-97i-24,24,,*HOPS,hops,12401,Crops & fruit,
Carling-2017-97i-25,25,60,OAT,oats,12402,Crops & fruit,
Carling-2017-97i-26,26,23,RYE,rye,12403,Crops & fruit,
Carling-2017-97i-27,27,3062,TURNIP,turnip,12404,Crops & fruit,
Carling-2017-97i-28,28,1077,WHEAT,wheat,12405,Crops & fruit,
Carling-2017-97i-29,29,665,BEE,bee,12406,Farm animals,
Carling-2017-97i-30,30,1008,BULL,bull,12407,Farm animals,
Carling-2017-97i-31,31,1989,CALF,calf,12408,Farm animals,
Carling-2017-97i-32,32,1208,CAT,cat,12409,Farm animals,
Carling-2017-97i-33,33,1153,CATTLE,cattle,12410,Farm animals,
Carling-2017-97i-34,34,1318,CHICKEN,chicken,12411,Farm animals,
Carling-2017-97i-35,35,1007,COW,cow,12412,Farm animals,
Carling-2017-97i-36,36,2009,DOG,dog,12413,Farm animals,
Carling-2017-97i-37,37,1862,DONKEY,donkey,12414,Farm animals,
Carling-2017-97i-38,38,1360,DUCK,duck,12415,Farm animals,
Carling-2017-97i-39,39,1502,GOAT,goat,12416,Farm animals,
Carling-2017-97i-40,40,1514,HEN,hen,12417,Farm animals,
Carling-2017-97i-41,41,615,HORSE,horse,12418,Farm animals,
Carling-2017-97i-42,42,1972,KID,kid,12419,Farm animals,
Carling-2017-97i-43,43,820,LAMB,lamb,12420,Farm animals,
Carling-2017-97i-44,44,1169,OX,ox,12421,Farm animals,
Carling-2017-97i-45,45,1337,PIG,pig,12422,Farm animals,
Carling-2017-97i-46,46,2564,PIGLET,piglet,12423,Farm animals,
Carling-2017-97i-47,47,1344,RAM,ram,12424,Farm animals,
Carling-2017-97i-48,48,1511,ROOSTER,rooster,12425,Farm animals,
Carling-2017-97i-49,49,1331,SHEEP,sheep,12426,Farm animals,
Carling-2017-97i-50,50,1825,COPPER,copper,12427,Metals & materials,
Carling-2017-97i-51,51,1369,GOLD,gold,12428,Metals & materials,
Carling-2017-97i-52,52,621,IRON,iron,12429,Metals & materials,
Carling-2017-97i-53,53,629,LEATHER,leather,12430,Metals & materials,
Carling-2017-97i-54,54,759,SILVER,silver,12431,Metals & materials,
Carling-2017-97i-55,55,857,STONE,stone,12432,Metals & materials,
Carling-2017-97i-56,56,1803,WOOD,wood,12433,Metals & materials,
Carling-2017-97i-57,57,580,FUR,fur,12434,Products,
Carling-2017-97i-58,58,323,FAT (ORGANIC SUBSTANCE),grease,12435,Products,
Carling-2017-97i-59,59,942,HONEY,honey,12436,Products,
Carling-2017-97i-60,60,941,MEAD,mead,12437,Products,
Carling-2017-97i-61,61,634,MEAT,meat,12438,Products,
Carling-2017-97i-62,62,635,MILK,milk,12439,Products,
Carling-2017-97i-63,63,1274,SALT,salt,12440,Products,
Carling-2017-97i-64,64,1931,BEESWAX,wax (bees),12441,Products,
Carling-2017-97i-65,65,1524,WINE,wine,12442,Products,
Carling-2017-97i-66,66,964,WOOL,wool,12443,Products,
Carling-2017-97i-67,67,1276,AUTUMN,autumn,12444,Seasons,
Carling-2017-97i-68,68,611,HARVEST,harvest,12445,Seasons,
Carling-2017-97i-69,69,1537,SPRINGTIME,spring,12446,Seasons,
Carling-2017-97i-70,70,1342,SUMMER,summer,12447,Seasons,
Carling-2017-97i-71,71,1471,WINTER,winter,12448,Seasons,
Carling-2017-97i-72,72,646,ASH,ash,12449,Trees,
Carling-2017-97i-73,73,1950,BEECH,beech,12450,Trees,
Carling-2017-97i-74,74,1855,BIRCH,birch,12451,Trees,
Carling-2017-97i-75,75,,*ELM,elm,12452,Trees,
Carling-2017-97i-76,76,644,OAK,oak,12453,Trees,
Carling-2017-97i-77,77,977,ARROW,arrow,12455,Weapons etc.,
Carling-2017-97i-78,78,994,BOW,bow,12456,Weapons etc.,
Carling-2017-97i-79,79,1352,KNIFE,knife,12457,Weapons etc.,
Carling-2017-97i-80,80,945,SPEAR,spear,12458,Weapons etc.,
Carling-2017-97i-81,81,1535,SWORD,sword,12459,Weapons etc.,
Carling-2017-97i-82,82,1820,BEAR,bear,12460,Wild animals,
Carling-2017-97i-83,83,3142,BISON,bison,12461,Wild animals,
Carling-2017-97i-84,84,1936,DEER,deer,12462,Wild animals,
Carling-2017-97i-85,85,1905,EAGLE,eagle,12463,Wild animals,
Carling-2017-97i-86,86,1312,FOX,fox,12464,Wild animals,
Carling-2017-97i-87,87,1190,HARE,hare,12465,Wild animals,
Carling-2017-97i-88,88,,*JACKAL,jackal,12466,Wild animals,
Carling-2017-97i-89,89,1139,LEOPARD,leopard,12467,Wild animals,
Carling-2017-97i-90,90,1386,LION,lion,12468,Wild animals,
Carling-2017-97i-91,91,,*LYNX,lynx,12469,Wild animals,
Carling-2017-97i-92,92,735,OWL,owl,12470,Wild animals,
Carling-2017-97i-93,93,1136,RABBIT,rabbit,12471,Wild animals,
Carling-2017-97i-94,94,2543,RAVEN,raven,12472,Wild animals,
Carling-2017-97i-95,95,730,SNAKE,snake,12473,Wild animals,
Carling-2017-97i-96,96,3154,WILD BOAR,wild boar,12474,Wild animals,
Carling-2017-97i-97,97,522,WOLF,wolf,12475,Wild animals,
Carling-2017-97j-1,1,1921,PLOUGH,to plough,12476,Activities,
Carling-2017-97j-2,2,1457,SEW,to sew,12477,Activities,
Carling-2017-97j-3,3,748,SOW SEEDS,to sow,12478,Activities,
Carling-2017-97j-4,4,121,SPIN,to spin (thread),12479,Activities,
Carling-2017-97j-5,5,133,WEAVE,to weave,12480,Activities,
Carling-2017-97j-6,6,677,AXE,axe,12481,Agricultural tools etc.,
Carling-2017-97j-7,7,1769,AXLE,axle,12482,Agricultural tools etc.,
Carling-2017-97j-8,8,212,FIELD,cultivated field,12483,Agricultural tools etc.,
Carling-2017-97j-9,9,1794,FURROW,furrow,12484,Agricultural tools etc.,
Carling-2017-97j-10,10,,,hub,12485,Agricultural tools etc.,
Carling-2017-97j-11,11,2154,PLOUGH (INSTRUMENT),plough (noun),12486,Agricultural tools etc.,
Carling-2017-97j-12,12,1948,SAW,saw,12487,Agricultural tools etc.,
Carling-2017-97j-13,13,20,SCYTHE,scythe,12488,Agricultural tools etc.,
Carling-2017-97j-14,14,341,SICKLE,sickle,12489,Agricultural tools etc.,
Carling-2017-97j-15,15,1176,SPADE,spade,12490,Agricultural tools etc.,
Carling-2017-97j-16,16,959,WAGON,wagon,12491,Agricultural tools etc.,
Carling-2017-97j-17,17,710,WHEEL,wheel,12492,Agricultural tools etc.,
Carling-2017-97j-18,18,14,YOKE,yoke,12493,Agricultural tools etc.,
Carling-2017-97j-19,19,1320,APPLE,apple,12494,Crops & fruit,
Carling-2017-97j-20,20,932,BARLEY,barley,12495,Crops & fruit,
Carling-2017-97j-21,21,,*FLAX,flax,12496,Crops & fruit,
Carling-2017-97j-22,22,605,GRAIN,grain (generic),12497,Crops & fruit,
Carling-2017-97j-23,23,920,GRAPE,grape,12498,Crops & fruit,
Carling-2017-97j-24,24,,*HOPS,hops,12499,Crops & fruit,
Carling-2017-97j-25,25,23,RYE,rye,12500,Crops & fruit,
Carling-2017-97j-26,26,60,OAT,oats,12501,Crops & fruit,
Carling-2017-97j-27,27,3062,TURNIP,turnip,12502,Crops & fruit,
Carling-2017-97j-28,28,1077,WHEAT,wheat,12503,Crops & fruit,
Carling-2017-97j-29,29,665,BEE,bee,12504,Farm animals,
Carling-2017-97j-30,30,1008,BULL,bull,12505,Farm animals,
Carling-2017-97j-31,31,1989,CALF,calf,12506,Farm animals,
Carling-2017-97j-32,32,1208,CAT,cat,12507,Farm animals,
Carling-2017-97j-33,33,1153,CATTLE,cattle,12508,Farm animals,
Carling-2017-97j-34,34,1318,CHICKEN,chicken,12509,Farm animals,
Carling-2017-97j-35,35,1007,COW,cow,12510,Farm animals,
Carling-2017-97j-36,36,2009,DOG,dog,12511,Farm animals,
Carling-2017-97j-37,37,1862,DONKEY,donkey,12512,Farm animals,
Carling-2017-97j-38,38,1360,DUCK,duck,12513,Farm animals,
Carling-2017-97j-39,39,1502,GOAT,goat,12514,Farm animals,
Carling-2017-97j-40,40,1514,HEN,hen,12515,Farm animals,
Carling-2017-97j-41,41,615,HORSE,horse,12516,Farm animals,
Carling-2017-97j-42,42,1972,KID,kid,12517,Farm animals,
Carling-2017-97j-43,43,820,LAMB,lamb,12518,Farm animals,
Carling-2017-97j-44,44,1169,OX,ox,12519,Farm animals,
Carling-2017-97j-45,45,1337,PIG,pig,12520,Farm animals,
Carling-2017-97j-46,46,2564,PIGLET,piglet,12521,Farm animals,
Carling-2017-97j-47,47,1344,RAM,ram,12522,Farm animals,
Carling-2017-97j-48,48,1511,ROOSTER,rooster,12523,Farm animals,
Carling-2017-97j-49,49,1331,SHEEP,sheep,12524,Farm animals,
Carling-2017-97j-50,50,1825,COPPER,copper,12525,Metals & materials,
Carling-2017-97j-51,51,1369,GOLD,gold,12526,Metals & materials,
Carling-2017-97j-52,52,621,IRON,iron,12527,Metals & materials,
Carling-2017-97j-53,53,629,LEATHER,leather,12528,Metals & materials,
Carling-2017-97j-54,54,759,SILVER,silver,12529,Metals & materials,
Carling-2017-97j-55,55,857,STONE,stone,12530,Metals & materials,
Carling-2017-97j-56,56,1803,WOOD,wood,12531,Metals & materials,
Carling-2017-97j-57,57,580,FUR,fur,12532,Products,
Carling-2017-97j-58,58,323,FAT (ORGANIC SUBSTANCE),grease,12533,Products,
Carling-2017-97j-59,59,942,HONEY,honey,12534,Products,
Carling-2017-97j-60,60,941,MEAD,mead,12535,Products,
Carling-2017-97j-61,61,634,MEAT,meat,12536,Products,
Carling-2017-97j-62,62,635,MILK,milk,12537,Products,
Carling-2017-97j-63,63,1274,SALT,salt,12538,Products,
Carling-2017-97j-64,64,1931,BEESWAX,wax (bees),12539,Products,
Carling-2017-97j-65,65,1524,WINE,wine,12540,Products,
Carling-2017-97j-66,66,964,WOOL,wool,12541,Products,
Carling-2017-97j-67,67,1276,AUTUMN,autumn,12542,Seasons,
Carling-2017-97j-68,68,611,HARVEST,harvest,12543,Seasons,
Carling-2017-97j-69,69,1537,SPRINGTIME,spring,12544,Seasons,
Carling-2017-97j-70,70,1342,SUMMER,summer,12545,Seasons,
Carling-2017-97j-71,71,1471,WINTER,winter,12546,Seasons,
Carling-2017-97j-72,72,646,ASH,ash,12547,Trees,
Carling-2017-97j-73,73,1950,BEECH,beech,12548,Trees,
Carling-2017-97j-74,74,1855,BIRCH,birch,12549,Trees,
Carling-2017-97j-75,75,,*ELM,elm,12550,Trees,
Carling-2017-97j-76,76,644,OAK,oak,12551,Trees,
Carling-2017-97j-77,77,977,ARROW,arrow,12552,Weapons etc.,
Carling-2017-97j-78,78,994,BOW,bow,12553,Weapons etc.,
Carling-2017-97j-79,79,1352,KNIFE,knife,12554,Weapons etc.,
Carling-2017-97j-80,80,945,SPEAR,spear,12555,Weapons etc.,
Carling-2017-97j-81,81,1535,SWORD,sword,12556,Weapons etc.,
Carling-2017-97j-82,82,1820,BEAR,bear,12557,Wild animals,
Carling-2017-97j-83,83,3142,BISON,bison,12558,Wild animals,
Carling-2017-97j-84,84,1936,DEER,deer,12559,Wild animals,
Carling-2017-97j-85,85,1905,EAGLE,eagle,12560,Wild animals,
Carling-2017-97j-86,86,1312,FOX,fox,12561,Wild animals,
Carling-2017-97j-87,87,1190,HARE,hare,12562,Wild animals,
Carling-2017-97j-88,88,,*JACKAL,jackal,12563,Wild animals,
Carling-2017-97j-89,89,1139,LEOPARD,leopard,12564,Wild animals,
Carling-2017-97j-90,90,1386,LION,lion,12565,Wild animals,
Carling-2017-97j-91,91,,*LYNX,lynx,12566,Wild animals,
Carling-2017-97j-92,92,735,OWL,owl,12567,Wild animals,
Carling-2017-97j-93,93,1136,RABBIT,rabbit,12568,Wild animals,
Carling-2017-97j-94,94,2543,RAVEN,raven,12569,Wild animals,
Carling-2017-97j-95,95,730,SNAKE,snake,12570,Wild animals,
Carling-2017-97j-96,96,3154,WILD BOAR,wild boar,12571,Wild animals,
Carling-2017-97j-97,97,522,WOLF,wolf,12572,Wild animals,
